1 Ordena la palabra: ATRERRACE,CARRETERA
2 Ordena la palabra: IHALTPSO,HOSPITAL
3 Ordena la palabra: MRHTAIENREA,HERRAMIENTA
4 Ordena la palabra: NETRIENT,INTERNET
5 Ordena la palabra: LEAPATN,PLANETA
6 Ordena la palabra: RTEEINNT,INTERNET
7 Ordena la palabra: CMATURPAODO,COMPUTADORA
8 Ordena la palabra: OMAATDCRPOU,COMPUTADORA
9 Ordena la palabra: EVISONUR,UNIVERSO
10 Ordena la palabra: TFRAOIFOGA,FOTOGRAFIA
11 Ordena la palabra: AORDLRSEOL,DESARROLLO
12 Ordena la palabra: BALOIGIO,BIOLOGIA
13 Ordena la palabra: IATHRREENAM,HERRAMIENTA
14 Ordena la palabra: IFICAS,FISICA
15 Ordena la palabra: AMCQIIU,QUIMICA
16 Ordena la palabra: MLOADHAA,ALMOHADA
17 Ordena la palabra: RERSTIIOOC,ESCRITORIO
18 Ordena la palabra: ERDALORSOL,DESARROLLO
19 Ordena la palabra: TLBIBECOAI,BIBLIOTECA
20 Ordena la palabra: NERETIMAARH,HERRAMIENTA
21 Ordena la palabra: NCBARO,CARBON
22 Ordena la palabra: OVDRAEILTN,VENTILADOR
23 Ordena la palabra: AERVLNOTID,VENTILADOR
24 Ordena la palabra: OLADTCE,TECLADO
25 Ordena la palabra: EAIRTMEHNRA,HERRAMIENTA
26 Ordena la palabra: TLASIOHP,HOSPITAL
27 Ordena la palabra: ERODHNGOI,HIDROGENO
28 Ordena la palabra: ICASFI,FISICA
29 Ordena la palabra: IACLBOEITB,BIBLIOTECA
30 Ordena la palabra: EINTRMRAHAE,HERRAMIENTA
31 Ordena la palabra: GIXONEO,OXIGENO
32 Ordena la palabra: ONEXGIO,OXIGENO
33 Ordena la palabra: ANBCOR,CARBON
34 Ordena la palabra: BRONAC,CARBON
35 Ordena la palabra: MOAORAINTS,ASTRONOMIA
36 Ordena la palabra: LOBABTEICI,BIBLIOTECA
37 Ordena la palabra: IILCBEATOB,BIBLIOTECA
38 Ordena la palabra: OIEOGNX,OXIGENO
39 Ordena la palabra: ERTTNNIE,INTERNET
40 Ordena la palabra: IAGEOOLG,GEOLOGIA
41 Ordena la palabra: OAOLEGIG,GEOLOGIA
42 Ordena la palabra: IFCAIS,FISICA
43 Ordena la palabra: GOEAGLOI,GEOLOGIA
44 Ordena la palabra: DARSEORLOL,DESARROLLO
45 Ordena la palabra: MAPOACROIGRN,PROGRAMACION
46 Ordena la palabra: MRTAPOAUCOD,COMPUTADORA
47 Ordena la palabra: OMNICROOF,MICROFONO
48 Ordena la palabra: ANRJID,JARDIN
49 Ordena la palabra: IOFOCRONM,MICROFONO
50 Ordena la palabra: NERITEAMAHR,HERRAMIENTA
51 Ordena la palabra: OCMAODPRAUT,COMPUTADORA
52 Ordena la palabra: OPUARTAMODC,COMPUTADORA
53 Ordena la palabra: ALGAIXA,GALAXIA
54 Ordena la palabra: RTESRIIOCO,ESCRITORIO
55 Ordena la palabra: OIAANOMSRT,ASTRONOMIA
56 Ordena la palabra: RRACEERAT,CARRETERA
57 Ordena la palabra: IACOGRANMRPO,PROGRAMACION
58 Ordena la palabra: AHOISTLP,HOSPITAL
59 Ordena la palabra: NFMOCOOIR,MICROFONO
60 Ordena la palabra: IVELTNDORA,VENTILADOR
61 Ordena la palabra: CASIFI,FISICA
62 Ordena la palabra: EMIRCURO,MERCURIO
63 Ordena la palabra: PTEANLA,PLANETA
64 Ordena la palabra: BRROMOES,SOMBRERO
65 Ordena la palabra: CRAEASEL,ESCALERA
66 Ordena la palabra: BBIICAOTEL,BIBLIOTECA
67 Ordena la palabra: INJDRA,JARDIN
68 Ordena la palabra: OEOLNTFE,TELEFONO
69 Ordena la palabra: CARNPOAIGRMO,PROGRAMACION
70 Ordena la palabra: ICIFSA,FISICA
71 Ordena la palabra: LGAXIAA,GALAXIA
72 Ordena la palabra: ARERCTARE,CARRETERA
73 Ordena la palabra: FAICIS,FISICA
74 Ordena la palabra: GXIAAAL,GALAXIA
75 Ordena la palabra: LCBIBTAIEO,BIBLIOTECA
76 Ordena la palabra: OOTPAADURMC,COMPUTADORA
77 Ordena la palabra: CAIMQUI,QUIMICA
78 Ordena la palabra: ITRCEOSROI,ESCRITORIO
79 Ordena la palabra: AOCNRB,CARBON
80 Ordena la palabra: IOGEOLGA,GEOLOGIA
81 Ordena la palabra: VENDLRTAOI,VENTILADOR
82 Ordena la palabra: ERAMENHRAIT,HERRAMIENTA
83 Ordena la palabra: AREAERCRT,CARRETERA
84 Ordena la palabra: ATIMNARRHEE,HERRAMIENTA
85 Ordena la palabra: EDOHRNOGI,HIDROGENO
86 Ordena la palabra: RMCOINOFO,MICROFONO
87 Ordena la palabra: GILOAOGE,GEOLOGIA
88 Ordena la palabra: NOXIOEG,OXIGENO
89 Ordena la palabra: GEAGIOLO,GEOLOGIA
90 Ordena la palabra: IBOCBLTIEA,BIBLIOTECA
91 Ordena la palabra: NREITETN,INTERNET
92 Ordena la palabra: IMRNOAAOGPRC,PROGRAMACION
93 Ordena la palabra: PNALATAL,PANTALLA
94 Ordena la palabra: CIQAMUI,QUIMICA
95 Ordena la palabra: TALPNALA,PANTALLA
96 Ordena la palabra: LIAAAGX,GALAXIA
97 Ordena la palabra: ODLASOELRR,DESARROLLO
98 Ordena la palabra: OIBLAIGO,BIOLOGIA
99 Ordena la palabra: ALIGAXA,GALAXIA
100 Ordena la palabra: LTDVROANEI,VENTILADOR
101 Ordena la palabra: ROOSRIITCE,ESCRITORIO
102 Ordena la palabra: INDAJR,JARDIN
103 Ordena la palabra: ERNNTTEI,INTERNET
104 Ordena la palabra: AERCESLA,ESCALERA
105 Ordena la palabra: IELNRTDOAV,VENTILADOR
106 Ordena la palabra: BALGIOOI,BIOLOGIA
107 Ordena la palabra: CONRAB,CARBON
108 Ordena la palabra: ADLOLROSER,DESARROLLO
109 Ordena la palabra: OONCOIFMR,MICROFONO
110 Ordena la palabra: TSAAAMMEICT,MATEMATICAS
111 Ordena la palabra: ALEPTAN,PLANETA
112 Ordena la palabra: DHNOIEROG,HIDROGENO
113 Ordena la palabra: ELNPATA,PLANETA
114 Ordena la palabra: EARSLCEA,ESCALERA
115 Ordena la palabra: IAALGAX,GALAXIA
116 Ordena la palabra: ORBMSEOR,SOMBRERO
117 Ordena la palabra: ACIQUIM,QUIMICA
118 Ordena la palabra: OROAUDPMCAT,COMPUTADORA
119 Ordena la palabra: OOEITSCIRR,ESCRITORIO
120 Ordena la palabra: BAONCR,CARBON
121 Ordena la palabra: HRDOINEOG,HIDROGENO
122 Ordena la palabra: MUDORCAOAPT,COMPUTADORA
123 Ordena la palabra: ORRALSDELO,DESARROLLO
124 Ordena la palabra: OIXENOG,OXIGENO
125 Ordena la palabra: AOIILGBO,BIOLOGIA
126 Ordena la palabra: OAOIELGG,GEOLOGIA
127 Ordena la palabra: RNETNTIE,INTERNET
128 Ordena la palabra: ROERBSMO,SOMBRERO
129 Ordena la palabra: IOBIAOGL,BIOLOGIA
130 Ordena la palabra: TIIOEBCALB,BIBLIOTECA
131 Ordena la palabra: BIOLIAOG,BIOLOGIA
132 Ordena la palabra: INEOOGX,OXIGENO
133 Ordena la palabra: ICSAIF,FISICA
134 Ordena la palabra: RTNENITE,INTERNET
135 Ordena la palabra: MAHTRRAENEI,HERRAMIENTA
136 Ordena la palabra: GAIXALA,GALAXIA
137 Ordena la palabra: RNLTADIVOE,VENTILADOR
138 Ordena la palabra: IEHRAENAMRT,HERRAMIENTA
139 Ordena la palabra: AMLHAODA,ALMOHADA
140 Ordena la palabra: EANREITAHMR,HERRAMIENTA
141 Ordena la palabra: ANPTALAL,PANTALLA
142 Ordena la palabra: TELANAP,PLANETA
143 Ordena la palabra: IDJNAR,JARDIN
144 Ordena la palabra: RVAELODINT,VENTILADOR
145 Ordena la palabra: RRAEACETR,CARRETERA
146 Ordena la palabra: GROAAMPIONRC,PROGRAMACION
147 Ordena la palabra: DRIANJ,JARDIN
148 Ordena la palabra: OANILVDTRE,VENTILADOR
149 Ordena la palabra: CTADLEO,TECLADO
150 Ordena la palabra: LLSOEDRROA,DESARROLLO
151 Ordena la palabra: LEESACAR,ESCALERA
152 Ordena la palabra: NTNTEERI,INTERNET
153 Ordena la palabra: RNCPAAIOROGM,PROGRAMACION
154 Ordena la palabra: AAOMLHAD,ALMOHADA
155 Ordena la palabra: TSAICAMEMAT,MATEMATICAS
156 Ordena la palabra: ADHAOLMA,ALMOHADA
157 Ordena la palabra: AEMTSIS,SISTEMA
158 Ordena la palabra: RUVESION,UNIVERSO
159 Ordena la palabra: EANARTERMHI,HERRAMIENTA
160 Ordena la palabra: TRCAERAER,CARRETERA
161 Ordena la palabra: ARONBC,CARBON
162 Ordena la palabra: RONMOISTAA,ASTRONOMIA
163 Ordena la palabra: COIBTEAILB,BIBLIOTECA
164 Ordena la palabra: PNELATA,PLANETA
165 Ordena la palabra: RTCRAAERE,CARRETERA
166 Ordena la palabra: OEALDTC,TECLADO
167 Ordena la palabra: ORISCOEITR,ESCRITORIO
168 Ordena la palabra: IENOGOHRD,HIDROGENO
169 Ordena la palabra: BCTIALBOEI,BIBLIOTECA
170 Ordena la palabra: NIXOEOG,OXIGENO
171 Ordena la palabra: DRPMOUACATO,COMPUTADORA
172 Ordena la palabra: POCOAMDUTRA,COMPUTADORA
173 Ordena la palabra: STPAIHOL,HOSPITAL
174 Ordena la palabra: GORNHOEID,HIDROGENO
175 Ordena la palabra: SSTEIMA,SISTEMA
176 Ordena la palabra: NRMGARPCOOIA,PROGRAMACION
177 Ordena la palabra: AREACTRRE,CARRETERA
178 Ordena la palabra: ATEISMS,SISTEMA
179 Ordena la palabra: PTAILOHS,HOSPITAL
180 Ordena la palabra: LGAOGEIO,GEOLOGIA
181 Ordena la palabra: TAEECRRAR,CARRETERA
182 Ordena la palabra: VIUNORSE,UNIVERSO
183 Ordena la palabra: RIOCGMRONAPA,PROGRAMACION
184 Ordena la palabra: CRRPAIOGOANM,PROGRAMACION
185 Ordena la palabra: ARCEAERRT,CARRETERA
186 Ordena la palabra: OGXINEO,OXIGENO
187 Ordena la palabra: ETIRTNEN,INTERNET
188 Ordena la palabra: SSAETIM,SISTEMA
189 Ordena la palabra: TIPOAHSL,HOSPITAL
190 Ordena la palabra: NIORCFOMO,MICROFONO
191 Ordena la palabra: IASFCI,FISICA
192 Ordena la palabra: NALLTAPA,PANTALLA
193 Ordena la palabra: OEXNOIG,OXIGENO
194 Ordena la palabra: FSACII,FISICA
195 Ordena la palabra: EANOIRVLTD,VENTILADOR
196 Ordena la palabra: MCOPRRAGOIAN,PROGRAMACION
197 Ordena la palabra: ROIOCEISTR,ESCRITORIO
198 Ordena la palabra: IUQIACM,QUIMICA
199 Ordena la palabra: NEAORVTDLI,VENTILADOR
200 Ordena la palabra: DELAOTC,TECLADO
201 Ordena la palabra: ACIIFS,FISICA
202 Ordena la palabra: TNRMIHAEREA,HERRAMIENTA
203 Ordena la palabra: OOIMNCFOR,MICROFONO
204 Ordena la palabra: RRECARATE,CARRETERA
205 Ordena la palabra: NEOXGOI,OXIGENO
206 Ordena la palabra: DEOLTCA,TECLADO
207 Ordena la palabra: PTEALNA,PLANETA
208 Ordena la palabra: NTERAERMHAI,HERRAMIENTA
209 Ordena la palabra: TAGFORIFAO,FOTOGRAFIA
210 Ordena la palabra: OACTDLE,TECLADO
211 Ordena la palabra: OITCOIRSER,ESCRITORIO
212 Ordena la palabra: OICTIRSEOR,ESCRITORIO
213 Ordena la palabra: OAAHLADM,ALMOHADA
214 Ordena la palabra: APNAATLL,PANTALLA
215 Ordena la palabra: DLOMHAAA,ALMOHADA
216 Ordena la palabra: ERCUMROI,MERCURIO
217 Ordena la palabra: SEMMIAAATCT,MATEMATICAS
218 Ordena la palabra: ERHEITANAMR,HERRAMIENTA
219 Ordena la palabra: HAIRANERMTE,HERRAMIENTA
220 Ordena la palabra: VDLNRATEOI,VENTILADOR
221 Ordena la palabra: NALTAEP,PLANETA
222 Ordena la palabra: ERNLAOVDTI,VENTILADOR
223 Ordena la palabra: GMRROOIPACAN,PROGRAMACION
224 Ordena la palabra: AAOMAHDL,ALMOHADA
225 Ordena la palabra: AFIFOAOGRT,FOTOGRAFIA
226 Ordena la palabra: IFOTAAFGOR,FOTOGRAFIA
227 Ordena la palabra: CIUMQAI,QUIMICA
228 Ordena la palabra: AOOARNISTM,ASTRONOMIA
229 Ordena la palabra: HPOTAISL,HOSPITAL
230 Ordena la palabra: EARAESCL,ESCALERA
231 Ordena la palabra: PRCRIOOMAAGN,PROGRAMACION
232 Ordena la palabra: CTADROMUOPA,COMPUTADORA
233 Ordena la palabra: XOENIOG,OXIGENO
234 Ordena la palabra: FCSIIA,FISICA
235 Ordena la palabra: OTFENLOE,TELEFONO
236 Ordena la palabra: ROBEOMRS,SOMBRERO
237 Ordena la palabra: UQCIMIA,QUIMICA
238 Ordena la palabra: NOESIRUV,UNIVERSO
239 Ordena la palabra: GOFRFAATIO,FOTOGRAFIA
240 Ordena la palabra: NGROOIEHD,HIDROGENO
241 Ordena la palabra: CRPOTDOAMAU,COMPUTADORA
242 Ordena la palabra: OFOETNEL,TELEFONO
243 Ordena la palabra: OCATDLE,TECLADO
244 Ordena la palabra: NRITVODLEA,VENTILADOR
245 Ordena la palabra: RHGNEDOOI,HIDROGENO
246 Ordena la palabra: AIAGXAL,GALAXIA
247 Ordena la palabra: OOTFENLE,TELEFONO
248 Ordena la palabra: TEANLAP,PLANETA
249 Ordena la palabra: SRVOUIEN,UNIVERSO
250 Ordena la palabra: TOLSHIAP,HOSPITAL
251 Ordena la palabra: TLEADCO,TECLADO
252 Ordena la palabra: ETCRRAREA,CARRETERA
253 Ordena la palabra: ESCRAEAL,ESCALERA
254 Ordena la palabra: BIOBECATIL,BIBLIOTECA
255 Ordena la palabra: NNEERTTI,INTERNET
256 Ordena la palabra: AALXGIA,GALAXIA
257 Ordena la palabra: SIRVONUE,UNIVERSO
258 Ordena la palabra: EIRUVOSN,UNIVERSO
259 Ordena la palabra: NEALIDTROV,VENTILADOR
260 Ordena la palabra: PNALTEA,PLANETA
261 Ordena la palabra: MSIACTAEATM,MATEMATICAS
262 Ordena la palabra: AGLAIXA,GALAXIA
263 Ordena la palabra: OTLARDVENI,VENTILADOR
264 Ordena la palabra: ARRECTRAE,CARRETERA
265 Ordena la palabra: EOOTNLFE,TELEFONO
266 Ordena la palabra: NOEGOXI,OXIGENO
267 Ordena la palabra: FOCMINOOR,MICROFONO
268 Ordena la palabra: NIDAOLRVET,VENTILADOR
269 Ordena la palabra: MCOFNORIO,MICROFONO
270 Ordena la palabra: CBOANR,CARBON
271 Ordena la palabra: MAEMTSATACI,MATEMATICAS
272 Ordena la palabra: ANVTLDEOIR,VENTILADOR
273 Ordena la palabra: OAGIGLOE,GEOLOGIA
274 Ordena la palabra: MORURIEC,MERCURIO
275 Ordena la palabra: EIASTMS,SISTEMA
276 Ordena la palabra: ALSERECA,ESCALERA
277 Ordena la palabra: FSIIAC,FISICA
278 Ordena la palabra: NRJDIA,JARDIN
279 Ordena la palabra: OIDAVNLRET,VENTILADOR
280 Ordena la palabra: MCOURREI,MERCURIO
281 Ordena la palabra: EACREALS,ESCALERA
282 Ordena la palabra: AEATRRCER,CARRETERA
283 Ordena la palabra: OEGOINX,OXIGENO
284 Ordena la palabra: SSTEMAI,SISTEMA
285 Ordena la palabra: MINOOCOFR,MICROFONO
286 Ordena la palabra: DOOGHNIER,HIDROGENO
287 Ordena la palabra: RDRLOLAOES,DESARROLLO
288 Ordena la palabra: ESASTIM,SISTEMA
289 Ordena la palabra: FLETNOOE,TELEFONO
290 Ordena la palabra: CAMANRROGPOI,PROGRAMACION
291 Ordena la palabra: SVNORIUE,UNIVERSO
292 Ordena la palabra: IAIMCUQ,QUIMICA
293 Ordena la palabra: DORGNIEOH,HIDROGENO
294 Ordena la palabra: RNJAID,JARDIN
295 Ordena la palabra: LIGBIAOO,BIOLOGIA
296 Ordena la palabra: RAINMCRAOOPG,PROGRAMACION
297 Ordena la palabra: LVEATIODNR,VENTILADOR
298 Ordena la palabra: IRETARMAEHN,HERRAMIENTA
299 Ordena la palabra: DOIOEHNGR,HIDROGENO
300 Ordena la palabra: XEOOING,OXIGENO
301 Ordena la palabra: AALDMAHO,ALMOHADA
302 Ordena la palabra: RDJIAN,JARDIN
303 Ordena la palabra: POROTUDCMAA,COMPUTADORA
304 Ordena la palabra: ETMSITCAAAM,MATEMATICAS
305 Ordena la palabra: LAOMADAH,ALMOHADA
306 Ordena la palabra: ATNREOLIVD,VENTILADOR
307 Ordena la palabra: ROANDLEVTI,VENTILADOR
308 Ordena la palabra: ALNPTEA,PLANETA
309 Ordena la palabra: ORURCEIM,MERCURIO
310 Ordena la palabra: ROCNIOMFO,MICROFONO
311 Ordena la palabra: ANLPAET,PLANETA
312 Ordena la palabra: ABNOCR,CARBON
313 Ordena la palabra: ISNVOUER,UNIVERSO
314 Ordena la palabra: HMAAITRNREE,HERRAMIENTA
315 Ordena la palabra: TAARERECR,CARRETERA
316 Ordena la palabra: TLAOPSHI,HOSPITAL
317 Ordena la palabra: ORLDASROLE,DESARROLLO
318 Ordena la palabra: ANRPGIORAMCO,PROGRAMACION
319 Ordena la palabra: ICUAQMI,QUIMICA
320 Ordena la palabra: OEORSLARLD,DESARROLLO
321 Ordena la palabra: IOBGIOAL,BIOLOGIA
322 Ordena la palabra: AONCBR,CARBON
323 Ordena la palabra: OFGAFATIOR,FOTOGRAFIA
324 Ordena la palabra: AGROOIFFAT,FOTOGRAFIA
325 Ordena la palabra: URICMERO,MERCURIO
326 Ordena la palabra: LTSHAIPO,HOSPITAL
327 Ordena la palabra: DOTAELC,TECLADO
328 Ordena la palabra: VNTDORLEAI,VENTILADOR
329 Ordena la palabra: ONVIERUS,UNIVERSO
330 Ordena la palabra: DNIGEHROO,HIDROGENO
331 Ordena la palabra: HNRGOEIDO,HIDROGENO
332 Ordena la palabra: IDOHOGNRE,HIDROGENO
333 Ordena la palabra: GAIRPONOCARM,PROGRAMACION
334 Ordena la palabra: DEORTIVLAN,VENTILADOR
335 Ordena la palabra: OIMOPCRRAGAN,PROGRAMACION
336 Ordena la palabra: MQACIUI,QUIMICA
337 Ordena la palabra: OMACAUOPTRD,COMPUTADORA
338 Ordena la palabra: ERERACTRA,CARRETERA
339 Ordena la palabra: ASLOITPH,HOSPITAL
340 Ordena la palabra: LLNATPAA,PANTALLA
341 Ordena la palabra: ACRBNO,CARBON
342 Ordena la palabra: AATCIATMSEM,MATEMATICAS
343 Ordena la palabra: ADAOAMHL,ALMOHADA
344 Ordena la palabra: OIXNEOG,OXIGENO
345 Ordena la palabra: BLIAGOOI,BIOLOGIA
346 Ordena la palabra: RTREERCAA,CARRETERA
347 Ordena la palabra: RARREACTE,CARRETERA
348 Ordena la palabra: IBIAOLOG,BIOLOGIA
349 Ordena la palabra: OMRSAOTNIA,ASTRONOMIA
350 Ordena la palabra: MOBORSER,SOMBRERO
351 Ordena la palabra: SAEITSM,SISTEMA
352 Ordena la palabra: FCIAIS,FISICA
353 Ordena la palabra: GLXAAIA,GALAXIA
354 Ordena la palabra: EMSMATAIACT,MATEMATICAS
355 Ordena la palabra: TSMIAES,SISTEMA
356 Ordena la palabra: NALLTAAP,PANTALLA
357 Ordena la palabra: DLERROSOAL,DESARROLLO
358 Ordena la palabra: OLAAMAHD,ALMOHADA
359 Ordena la palabra: ARERETCRA,CARRETERA
360 Ordena la palabra: NOOIHGRDE,HIDROGENO
361 Ordena la palabra: ILGEOGOA,GEOLOGIA
362 Ordena la palabra: PISOLHAT,HOSPITAL
363 Ordena la palabra: CIAEBLTBIO,BIBLIOTECA
364 Ordena la palabra: TAPUOADCMOR,COMPUTADORA
365 Ordena la palabra: DNJRIA,JARDIN
366 Ordena la palabra: RMANIEARETH,HERRAMIENTA
367 Ordena la palabra: BGOLAOII,BIOLOGIA
368 Ordena la palabra: NEGOHODIR,HIDROGENO
369 Ordena la palabra: RLTOIADEVN,VENTILADOR
370 Ordena la palabra: VEOIADNRLT,VENTILADOR
371 Ordena la palabra: RDIJNA,JARDIN
372 Ordena la palabra: BOITLCEAIB,BIBLIOTECA
373 Ordena la palabra: DEAOCTL,TECLADO
374 Ordena la palabra: OOFNRMCOI,MICROFONO
375 Ordena la palabra: OONEDRHIG,HIDROGENO
376 Ordena la palabra: NTEPLAA,PLANETA
377 Ordena la palabra: DEONRGOIH,HIDROGENO
378 Ordena la palabra: SAHOLPTI,HOSPITAL
379 Ordena la palabra: AARELSEC,ESCALERA
380 Ordena la palabra: OAIAOTFGFR,FOTOGRAFIA
381 Ordena la palabra: BNARCO,CARBON
382 Ordena la palabra: EROIIOTSCR,ESCRITORIO
383 Ordena la palabra: OODPAARUCMT,COMPUTADORA
384 Ordena la palabra: RSMEOROB,SOMBRERO
385 Ordena la palabra: RNIMOPAROAGC,PROGRAMACION
386 Ordena la palabra: RESOORICTI,ESCRITORIO
387 Ordena la palabra: IUENOSRV,UNIVERSO
388 Ordena la palabra: ESAIMTS,SISTEMA
389 Ordena la palabra: DLARRLSOOE,DESARROLLO
390 Ordena la palabra: TNALPAE,PLANETA
391 Ordena la palabra: FTRAIFAOOG,FOTOGRAFIA
392 Ordena la palabra: NABCOR,CARBON
393 Ordena la palabra: CROIETIOSR,ESCRITORIO
394 Ordena la palabra: INXEOGO,OXIGENO
395 Ordena la palabra: OIEDHNOGR,HIDROGENO
396 Ordena la palabra: IOHGDNORE,HIDROGENO
397 Ordena la palabra: OLGGIAEO,GEOLOGIA
398 Ordena la palabra: RRLELOSAOD,DESARROLLO
399 Ordena la palabra: AETIEHRNRMA,HERRAMIENTA
400 Ordena la palabra: OSDEOALRLR,DESARROLLO
401 Ordena la palabra: OABCNR,CARBON
402 Ordena la palabra: OIIOLABG,BIOLOGIA
403 Ordena la palabra: ATAACSITMME,MATEMATICAS
404 Ordena la palabra: IHOPLSTA,HOSPITAL
405 Ordena la palabra: ONGOEXI,OXIGENO
406 Ordena la palabra: AAANTPLL,PANTALLA
407 Ordena la palabra: RNIFOMCOO,MICROFONO
408 Ordena la palabra: ELCREAAS,ESCALERA
409 Ordena la palabra: CTLABOEBII,BIBLIOTECA
410 Ordena la palabra: OOFNMORIC,MICROFONO
411 Ordena la palabra: REMORUCI,MERCURIO
412 Ordena la palabra: ICMUIQA,QUIMICA
413 Ordena la palabra: OARLRLDSOE,DESARROLLO
414 Ordena la palabra: GALIOOBI,BIOLOGIA
415 Ordena la palabra: AHOAMDLA,ALMOHADA
416 Ordena la palabra: LPNAALTA,PANTALLA
417 Ordena la palabra: TIEENNRT,INTERNET
418 Ordena la palabra: LAERVOTIDN,VENTILADOR
419 Ordena la palabra: EOCIBLIBAT,BIBLIOTECA
420 Ordena la palabra: FSCAII,FISICA
421 Ordena la palabra: TREIORISCO,ESCRITORIO
422 Ordena la palabra: IELOBIBATC,BIBLIOTECA
423 Ordena la palabra: RTOUMPOACAD,COMPUTADORA
424 Ordena la palabra: AETRHAERMNI,HERRAMIENTA
425 Ordena la palabra: ERTAARECR,CARRETERA
426 Ordena la palabra: SIASMET,SISTEMA
427 Ordena la palabra: OCBANR,CARBON
428 Ordena la palabra: CIIOTERROS,ESCRITORIO
429 Ordena la palabra: RNAJDI,JARDIN
430 Ordena la palabra: ABOOGIIL,BIOLOGIA
431 Ordena la palabra: TAPANALL,PANTALLA
432 Ordena la palabra: ANORIMOSTA,ASTRONOMIA
433 Ordena la palabra: GAAAIXL,GALAXIA
434 Ordena la palabra: DLROSRLAEO,DESARROLLO
435 Ordena la palabra: ONLEEOTF,TELEFONO
436 Ordena la palabra: HAMOLADA,ALMOHADA
437 Ordena la palabra: ONETFEOL,TELEFONO
438 Ordena la palabra: LAGOOIIB,BIOLOGIA
439 Ordena la palabra: BRAOCN,CARBON
440 Ordena la palabra: MRIPOCAGNAOR,PROGRAMACION
441 Ordena la palabra: GROOHNIDE,HIDROGENO
442 Ordena la palabra: AARMOIOTSN,ASTRONOMIA
443 Ordena la palabra: OERROLDSLA,DESARROLLO
444 Ordena la palabra: MIASTES,SISTEMA
445 Ordena la palabra: AGLXAAI,GALAXIA
446 Ordena la palabra: AALMHADO,ALMOHADA
447 Ordena la palabra: CERAEALS,ESCALERA
448 Ordena la palabra: URNSOVIE,UNIVERSO
449 Ordena la palabra: MOURRIEC,MERCURIO
450 Ordena la palabra: ICFSIA,FISICA
451 Ordena la palabra: TACTSIMAEMA,MATEMATICAS
452 Ordena la palabra: BARNCO,CARBON
453 Ordena la palabra: OTFOLEEN,TELEFONO
454 Ordena la palabra: SIICFA,FISICA
455 Ordena la palabra: IIMACQU,QUIMICA
456 Ordena la palabra: INRDAJ,JARDIN
457 Ordena la palabra: ERBSOORM,SOMBRERO
458 Ordena la palabra: TIENTENR,INTERNET
459 Ordena la palabra: OGINOPRAACMR,PROGRAMACION
460 Ordena la palabra: CIFIAS,FISICA
461 Ordena la palabra: QCMUIIA,QUIMICA
462 Ordena la palabra: ACIFSI,FISICA
463 Ordena la palabra: AMHADOLA,ALMOHADA
464 Ordena la palabra: ENITETNR,INTERNET
465 Ordena la palabra: RERIAEHNMAT,HERRAMIENTA
466 Ordena la palabra: AOGGLIEO,GEOLOGIA
467 Ordena la palabra: OILSHAPT,HOSPITAL
468 Ordena la palabra: MANEHTEIARR,HERRAMIENTA
469 Ordena la palabra: IIOGOLBA,BIOLOGIA
470 Ordena la palabra: ITOROISECR,ESCRITORIO
471 Ordena la palabra: UIRMREOC,MERCURIO
472 Ordena la palabra: LCBBITEAOI,BIBLIOTECA
473 Ordena la palabra: ATNLPAAL,PANTALLA
474 Ordena la palabra: LBTBOICIAE,BIBLIOTECA
475 Ordena la palabra: OVLANDERIT,VENTILADOR
476 Ordena la palabra: MHITREAAREN,HERRAMIENTA
477 Ordena la palabra: EPANTLA,PLANETA
478 Ordena la palabra: IRETAMHAENR,HERRAMIENTA
479 Ordena la palabra: GGIAEOLO,GEOLOGIA
480 Ordena la palabra: OIOPGARACMNR,PROGRAMACION
481 Ordena la palabra: CEIROMUR,MERCURIO
482 Ordena la palabra: BOORSMRE,SOMBRERO
483 Ordena la palabra: EGOIGAOL,GEOLOGIA
484 Ordena la palabra: INADJR,JARDIN
485 Ordena la palabra: ETNIENRT,INTERNET
486 Ordena la palabra: EPTLAAN,PLANETA
487 Ordena la palabra: CONABR,CARBON
488 Ordena la palabra: LTEOCDA,TECLADO
489 Ordena la palabra: ARITNMOSOA,ASTRONOMIA
490 Ordena la palabra: HDOMALAA,ALMOHADA
491 Ordena la palabra: ONXGIOE,OXIGENO
492 Ordena la palabra: EOGOGALI,GEOLOGIA
493 Ordena la palabra: AOCTELD,TECLADO
494 Ordena la palabra: BAIECLOIBT,BIBLIOTECA
495 Ordena la palabra: NEPAALT,PLANETA
496 Ordena la palabra: AMOADALH,ALMOHADA
497 Ordena la palabra: JDNIRA,JARDIN
498 Ordena la palabra: AFICSI,FISICA
499 Ordena la palabra: NROLEDAVTI,VENTILADOR
500 Ordena la palabra: CDOTEAL,TECLADO
501 Ordena la palabra: GAILOGOE,GEOLOGIA
502 Ordena la palabra: RSBEROMO,SOMBRERO
503 Ordena la palabra: ERAALSCE,ESCALERA
504 Ordena la palabra: PRANCOGIRAMO,PROGRAMACION
505 Ordena la palabra: ELPNAAT,PLANETA
506 Ordena la palabra: AETCDLO,TECLADO
507 Ordena la palabra: MISONRAOTA,ASTRONOMIA
508 Ordena la palabra: AALIXGA,GALAXIA
509 Ordena la palabra: DLAMAOAH,ALMOHADA
510 Ordena la palabra: AAOISTOMNR,ASTRONOMIA
511 Ordena la palabra: TENLAAP,PLANETA
512 Ordena la palabra: JRADIN,JARDIN
513 Ordena la palabra: REMTRIAAENH,HERRAMIENTA
514 Ordena la palabra: AELSECAR,ESCALERA
515 Ordena la palabra: OEORRDLLSA,DESARROLLO
516 Ordena la palabra: ROMNCOIOF,MICROFONO
517 Ordena la palabra: IASTMES,SISTEMA
518 Ordena la palabra: TETNEINR,INTERNET
519 Ordena la palabra: NACRBO,CARBON
520 Ordena la palabra: BLEBTACIIO,BIBLIOTECA
521 Ordena la palabra: AMRTADOPUOC,COMPUTADORA
522 Ordena la palabra: IUCAIQM,QUIMICA
523 Ordena la palabra: LCERSEAA,ESCALERA
524 Ordena la palabra: PLTNLAAA,PANTALLA
525 Ordena la palabra: CTALDEO,TECLADO
526 Ordena la palabra: NARJDI,JARDIN
527 Ordena la palabra: ATPANEL,PLANETA
528 Ordena la palabra: HALAADOM,ALMOHADA
529 Ordena la palabra: AUPTCAOMDOR,COMPUTADORA
530 Ordena la palabra: INHEMAERTRA,HERRAMIENTA
531 Ordena la palabra: RUIONESV,UNIVERSO
532 Ordena la palabra: DOCOAMPTRUA,COMPUTADORA
533 Ordena la palabra: NIOGXOE,OXIGENO
534 Ordena la palabra: LISPTHOA,HOSPITAL
535 Ordena la palabra: AOIRMOTSAN,ASTRONOMIA
536 Ordena la palabra: ALANPLTA,PANTALLA
537 Ordena la palabra: IECRSIOORT,ESCRITORIO
538 Ordena la palabra: OAOSDLERRL,DESARROLLO
539 Ordena la palabra: BLGOIAIO,BIOLOGIA
540 Ordena la palabra: ALAGXAI,GALAXIA
541 Ordena la palabra: ESUIRNVO,UNIVERSO
542 Ordena la palabra: ORMIACRPNGOA,PROGRAMACION
543 Ordena la palabra: GAAPROOMNRIC,PROGRAMACION
544 Ordena la palabra: TNLOOEFE,TELEFONO
545 Ordena la palabra: LECDATO,TECLADO
546 Ordena la palabra: SBEOOMRR,SOMBRERO
547 Ordena la palabra: ONISAMOATR,ASTRONOMIA
548 Ordena la palabra: BTACBLEIOI,BIBLIOTECA
549 Ordena la palabra: NOROCIOFM,MICROFONO
550 Ordena la palabra: SASIETM,SISTEMA
551 Ordena la palabra: TACITSAEAMM,MATEMATICAS
552 Ordena la palabra: RNIEOVUS,UNIVERSO
553 Ordena la palabra: GRAAICOONMPR,PROGRAMACION
554 Ordena la palabra: ONCARB,CARBON
555 Ordena la palabra: MDOORPATACU,COMPUTADORA
556 Ordena la palabra: IOMNORFCO,MICROFONO
557 Ordena la palabra: IURMOCRE,MERCURIO
558 Ordena la palabra: CAMGRPARNIOO,PROGRAMACION
559 Ordena la palabra: LOIEGGAO,GEOLOGIA
560 Ordena la palabra: NTTIRNEE,INTERNET
561 Ordena la palabra: ROEIRCIOST,ESCRITORIO
562 Ordena la palabra: BEROSORM,SOMBRERO
563 Ordena la palabra: AROOTAGIFF,FOTOGRAFIA
564 Ordena la palabra: IQUACMI,QUIMICA
565 Ordena la palabra: HATPILSO,HOSPITAL
566 Ordena la palabra: OTBAIEILCB,BIBLIOTECA
567 Ordena la palabra: PIHSTOLA,HOSPITAL
568 Ordena la palabra: BAORCN,CARBON
569 Ordena la palabra: GGLAIEOO,GEOLOGIA
570 Ordena la palabra: ASFICI,FISICA
571 Ordena la palabra: NLPAATLA,PANTALLA
572 Ordena la palabra: OGEXOIN,OXIGENO
573 Ordena la palabra: ICFISA,FISICA
574 Ordena la palabra: UODPTMAARCO,COMPUTADORA
575 Ordena la palabra: AXAGIAL,GALAXIA
576 Ordena la palabra: UMIQICA,QUIMICA
577 Ordena la palabra: LAAMDAOH,ALMOHADA
578 Ordena la palabra: ERRRATCEA,CARRETERA
579 Ordena la palabra: DNRJIA,JARDIN
580 Ordena la palabra: MCIORFOON,MICROFONO
581 Ordena la palabra: SEOITRRICO,ESCRITORIO
582 Ordena la palabra: ICIAUMQ,QUIMICA
583 Ordena la palabra: MUICIQA,QUIMICA
584 Ordena la palabra: OOTIAGRFAF,FOTOGRAFIA
585 Ordena la palabra: AAPNOIMORGCR,PROGRAMACION
586 Ordena la palabra: IALAAGX,GALAXIA
587 Ordena la palabra: ROBOERMS,SOMBRERO
588 Ordena la palabra: IEGXOON,OXIGENO
589 Ordena la palabra: AOLTEDC,TECLADO
590 Ordena la palabra: TDALECO,TECLADO
591 Ordena la palabra: AISAMACTMET,MATEMATICAS
592 Ordena la palabra: LAAPLTAN,PANTALLA
593 Ordena la palabra: ENGXOIO,OXIGENO
594 Ordena la palabra: GAOOGEIL,GEOLOGIA
595 Ordena la palabra: DJANIR,JARDIN
596 Ordena la palabra: ENERITTN,INTERNET
597 Ordena la palabra: CUARDOPTAOM,COMPUTADORA
598 Ordena la palabra: AODHALAM,ALMOHADA
599 Ordena la palabra: LOAOIEGG,GEOLOGIA
600 Ordena la palabra: UECIRMRO,MERCURIO
601 Ordena la palabra: GOOTARIFAF,FOTOGRAFIA
602 Ordena la palabra: NLLTAAPA,PANTALLA
603 Ordena la palabra: ECSARLEA,ESCALERA
604 Ordena la palabra: VOSERINU,UNIVERSO
605 Ordena la palabra: NOAGPMARRICO,PROGRAMACION
606 Ordena la palabra: NAATEPL,PLANETA
607 Ordena la palabra: RIFMOOCON,MICROFONO
608 Ordena la palabra: MCOOIONRF,MICROFONO
609 Ordena la palabra: RIENENTT,INTERNET
610 Ordena la palabra: RFAFGTOIAO,FOTOGRAFIA
611 Ordena la palabra: RIMFCNOOO,MICROFONO
612 Ordena la palabra: LPAANTAL,PANTALLA
613 Ordena la palabra: DAAMHALO,ALMOHADA
614 Ordena la palabra: OIHGDNORE,HIDROGENO
615 Ordena la palabra: PLANALTA,PANTALLA
616 Ordena la palabra: OOGLAIBI,BIOLOGIA
617 Ordena la palabra: TAALNLPA,PANTALLA
618 Ordena la palabra: LGOOAEGI,GEOLOGIA
619 Ordena la palabra: OCTRIISERO,ESCRITORIO
620 Ordena la palabra: RSOEOBMR,SOMBRERO
621 Ordena la palabra: DROEALLSRO,DESARROLLO
622 Ordena la palabra: OELACTD,TECLADO
623 Ordena la palabra: VURISEON,UNIVERSO
624 Ordena la palabra: EMRANIETAHR,HERRAMIENTA
625 Ordena la palabra: CFAISI,FISICA
626 Ordena la palabra: OIAEGGOL,GEOLOGIA
627 Ordena la palabra: OXIENOG,OXIGENO
628 Ordena la palabra: OOREIRSTCI,ESCRITORIO
629 Ordena la palabra: AAXLIGA,GALAXIA
630 Ordena la palabra: UROCMREI,MERCURIO
631 Ordena la palabra: UIACIMQ,QUIMICA
632 Ordena la palabra: MSITESA,SISTEMA
633 Ordena la palabra: TAIESSM,SISTEMA
634 Ordena la palabra: SOLOLEDRRA,DESARROLLO
635 Ordena la palabra: ONCABR,CARBON
636 Ordena la palabra: AAIGLAX,GALAXIA
637 Ordena la palabra: TIOREIROSC,ESCRITORIO
638 Ordena la palabra: ATHENERRMIA,HERRAMIENTA
639 Ordena la palabra: OITERISROC,ESCRITORIO
640 Ordena la palabra: IIFCAS,FISICA
641 Ordena la palabra: LETAANP,PLANETA
642 Ordena la palabra: OBROMRSE,SOMBRERO
643 Ordena la palabra: NIXOGEO,OXIGENO
644 Ordena la palabra: CATRRRAEE,CARRETERA
645 Ordena la palabra: HGRONIEOD,HIDROGENO
646 Ordena la palabra: MCONRFIOO,MICROFONO
647 Ordena la palabra: RCNOMFIOO,MICROFONO
648 Ordena la palabra: MMITETAACSA,MATEMATICAS
649 Ordena la palabra: TOFEEOLN,TELEFONO
650 Ordena la palabra: STSAIME,SISTEMA
651 Ordena la palabra: OFOONCMRI,MICROFONO
652 Ordena la palabra: ADIRJN,JARDIN
653 Ordena la palabra: IFOARAFGTO,FOTOGRAFIA
654 Ordena la palabra: ACRSEAEL,ESCALERA
655 Ordena la palabra: CPAOMORDAUT,COMPUTADORA
656 Ordena la palabra: GOEOINHDR,HIDROGENO
657 Ordena la palabra: OLODLEARRS,DESARROLLO
658 Ordena la palabra: AMOPURCATDO,COMPUTADORA
659 Ordena la palabra: AHDAOLAM,ALMOHADA
660 Ordena la palabra: LAGAXIA,GALAXIA
661 Ordena la palabra: OEGNOIX,OXIGENO
662 Ordena la palabra: ECASAERL,ESCALERA
663 Ordena la palabra: EXNOOIG,OXIGENO
664 Ordena la palabra: UIAICMQ,QUIMICA
665 Ordena la palabra: NITENRET,INTERNET
666 Ordena la palabra: OGNPIAMRAOCR,PROGRAMACION
667 Ordena la palabra: TAFARGOFOI,FOTOGRAFIA
668 Ordena la palabra: BIEAITOLBC,BIBLIOTECA
669 Ordena la palabra: TDAELOC,TECLADO
670 Ordena la palabra: OOANTMIASR,ASTRONOMIA
671 Ordena la palabra: ICOFOONRM,MICROFONO
672 Ordena la palabra: OPSIATHL,HOSPITAL
673 Ordena la palabra: LBAEITBIOC,BIBLIOTECA
674 Ordena la palabra: PLNALAAT,PANTALLA
675 Ordena la palabra: FAISCI,FISICA
676 Ordena la palabra: IFONCRMOO,MICROFONO
677 Ordena la palabra: TAEOLCD,TECLADO
678 Ordena la palabra: TEMTAACMASI,MATEMATICAS
679 Ordena la palabra: LGAEOIGO,GEOLOGIA
680 Ordena la palabra: LOGAIGOE,GEOLOGIA
681 Ordena la palabra: CREASAEL,ESCALERA
682 Ordena la palabra: AAIXLGA,GALAXIA
683 Ordena la palabra: LONFOEET,TELEFONO
684 Ordena la palabra: FAGITOFRAO,FOTOGRAFIA
685 Ordena la palabra: LATCDOE,TECLADO
686 Ordena la palabra: MORCOFOIN,MICROFONO
687 Ordena la palabra: EIBIBTALOC,BIBLIOTECA
688 Ordena la palabra: ODLCTEA,TECLADO
689 Ordena la palabra: FELONOET,TELEFONO
690 Ordena la palabra: JIRNDA,JARDIN
691 Ordena la palabra: OOETNFEL,TELEFONO
692 Ordena la palabra: OGIBLAIO,BIOLOGIA
693 Ordena la palabra: LOOLRDEARS,DESARROLLO
694 Ordena la palabra: EOTNFOLE,TELEFONO
695 Ordena la palabra: AIFCSI,FISICA
696 Ordena la palabra: GOTFIFRAAO,FOTOGRAFIA
697 Ordena la palabra: OEORMSRB,SOMBRERO
698 Ordena la palabra: JAIRND,JARDIN
699 Ordena la palabra: RUEMCROI,MERCURIO
700 Ordena la palabra: OIAGROFAFT,FOTOGRAFIA
701 Ordena la palabra: PINGOCRRAAOM,PROGRAMACION
702 Ordena la palabra: NDIARJ,JARDIN
703 Ordena la palabra: RIJDNA,JARDIN
704 Ordena la palabra: IRTNOASMOA,ASTRONOMIA
705 Ordena la palabra: GAAAXIL,GALAXIA
706 Ordena la palabra: RNAIHTERAEM,HERRAMIENTA
707 Ordena la palabra: SNIMAROTOA,ASTRONOMIA
708 Ordena la palabra: AGAIALX,GALAXIA
709 Ordena la palabra: AESITSM,SISTEMA
710 Ordena la palabra: LTOADEC,TECLADO
711 Ordena la palabra: EURINOVS,UNIVERSO
712 Ordena la palabra: UMOIECRR,MERCURIO
713 Ordena la palabra: AELSORLDOR,DESARROLLO
714 Ordena la palabra: AOERDLRLOS,DESARROLLO
715 Ordena la palabra: COTLAIIBEB,BIBLIOTECA
716 Ordena la palabra: MPRGORAOIACN,PROGRAMACION
717 Ordena la palabra: IRNETENT,INTERNET
718 Ordena la palabra: MAMSCTTAAIE,MATEMATICAS
719 Ordena la palabra: GEAOIOLG,GEOLOGIA
720 Ordena la palabra: ETANAPL,PLANETA
721 Ordena la palabra: MALAOADH,ALMOHADA
722 Ordena la palabra: RECESALA,ESCALERA
723 Ordena la palabra: OSVEURNI,UNIVERSO
724 Ordena la palabra: NOXGIOE,OXIGENO
725 Ordena la palabra: OHSLATPI,HOSPITAL
726 Ordena la palabra: RNDJIA,JARDIN
727 Ordena la palabra: TMSEIAS,SISTEMA
728 Ordena la palabra: IAOOFGTARF,FOTOGRAFIA
729 Ordena la palabra: ACURMDTAOPO,COMPUTADORA
730 Ordena la palabra: AALLTNAP,PANTALLA
731 Ordena la palabra: AENPTAL,PLANETA
732 Ordena la palabra: OLGIBOAI,BIOLOGIA
733 Ordena la palabra: NDOGRHIEO,HIDROGENO
734 Ordena la palabra: RAEMATERINH,HERRAMIENTA
735 Ordena la palabra: ITTENNER,INTERNET
736 Ordena la palabra: ASNOAMORTI,ASTRONOMIA
737 Ordena la palabra: LESRDRLOOA,DESARROLLO
738 Ordena la palabra: ARTOMISANO,ASTRONOMIA
739 Ordena la palabra: ONRFMIOOC,MICROFONO
740 Ordena la palabra: ROEIUMRC,MERCURIO
741 Ordena la palabra: ASCIFI,FISICA
742 Ordena la palabra: VODNTLAIRE,VENTILADOR
743 Ordena la palabra: DHOEIORNG,HIDROGENO
744 Ordena la palabra: IRAROGMNAOPC,PROGRAMACION
745 Ordena la palabra: OINUEVRS,UNIVERSO
746 Ordena la palabra: GIAXAAL,GALAXIA
747 Ordena la palabra: TAAORGIFFO,FOTOGRAFIA
748 Ordena la palabra: CMUIRREO,MERCURIO
749 Ordena la palabra: RMRCUIEO,MERCURIO
750 Ordena la palabra: SLRRDELOOA,DESARROLLO
751 Ordena la palabra: RGEINOOHD,HIDROGENO
752 Ordena la palabra: FMRNOOOCI,MICROFONO
753 Ordena la palabra: JIDNRA,JARDIN
754 Ordena la palabra: IOGOIBAL,BIOLOGIA
755 Ordena la palabra: FOTGIAAFRO,FOTOGRAFIA
756 Ordena la palabra: DJRIAN,JARDIN
757 Ordena la palabra: ERTTNENI,INTERNET
758 Ordena la palabra: RUEIMOCR,MERCURIO
759 Ordena la palabra: ITEETNNR,INTERNET
760 Ordena la palabra: DAJIRN,JARDIN
761 Ordena la palabra: ABOCIBELIT,BIBLIOTECA
762 Ordena la palabra: RAINTHEERMA,HERRAMIENTA
763 Ordena la palabra: SIRRTOCEOI,ESCRITORIO
764 Ordena la palabra: CLOTAED,TECLADO
765 Ordena la palabra: EEASLARC,ESCALERA
766 Ordena la palabra: IFFOARGATO,FOTOGRAFIA
767 Ordena la palabra: PNATALE,PLANETA
768 Ordena la palabra: IAIFCS,FISICA
769 Ordena la palabra: EOVLIDRANT,VENTILADOR
770 Ordena la palabra: QIIUACM,QUIMICA
771 Ordena la palabra: RRATEARCE,CARRETERA
772 Ordena la palabra: IQUMICA,QUIMICA
773 Ordena la palabra: CAMMTSIAATE,MATEMATICAS
774 Ordena la palabra: IAXALGA,GALAXIA
775 Ordena la palabra: TDACEOL,TECLADO
776 Ordena la palabra: NNTIETER,INTERNET
777 Ordena la palabra: TODRAVNELI,VENTILADOR
778 Ordena la palabra: LRAECEAS,ESCALERA
779 Ordena la palabra: BSEORRMO,SOMBRERO
780 Ordena la palabra: ORPGNRICOMAA,PROGRAMACION
781 Ordena la palabra: TONOLEFE,TELEFONO
782 Ordena la palabra: NGREIODHO,HIDROGENO
783 Ordena la palabra: CIANOMPRGROA,PROGRAMACION
784 Ordena la palabra: QIAUCMI,QUIMICA
785 Ordena la palabra: AATLNPAL,PANTALLA
786 Ordena la palabra: LAALTNAP,PANTALLA
787 Ordena la palabra: XIGAAAL,GALAXIA
788 Ordena la palabra: IIQAMCU,QUIMICA
789 Ordena la palabra: IMTESAS,SISTEMA
790 Ordena la palabra: FASCII,FISICA
791 Ordena la palabra: OLAROSERLD,DESARROLLO
792 Ordena la palabra: ILOIABOG,BIOLOGIA
793 Ordena la palabra: DGNEHROOI,HIDROGENO
794 Ordena la palabra: LAPHISOT,HOSPITAL
795 Ordena la palabra: XLGAAIA,GALAXIA
796 Ordena la palabra: EOSOCITRIR,ESCRITORIO
797 Ordena la palabra: TCTAIMMAASE,MATEMATICAS
798 Ordena la palabra: IVDTNELRAO,VENTILADOR
799 Ordena la palabra: DLTACEO,TECLADO
800 Ordena la palabra: PALEANT,PLANETA
801 Ordena la palabra: CPDUAMTRAOO,COMPUTADORA
802 Ordena la palabra: ENNRTITE,INTERNET
803 Ordena la palabra: DARIJN,JARDIN
804 Ordena la palabra: RSMOOBER,SOMBRERO
805 Ordena la palabra: ECRRRTAAE,CARRETERA
806 Ordena la palabra: RARAETERC,CARRETERA
807 Ordena la palabra: OIGEGALO,GEOLOGIA
808 Ordena la palabra: LRROLAEDSO,DESARROLLO
809 Ordena la palabra: SOIEROCIRT,ESCRITORIO
810 Ordena la palabra: CAESELAR,ESCALERA
811 Ordena la palabra: NETITREN,INTERNET
812 Ordena la palabra: LAAMADHO,ALMOHADA
813 Ordena la palabra: TSHIPLAO,HOSPITAL
814 Ordena la palabra: AMHIREERATN,HERRAMIENTA
815 Ordena la palabra: IIFASC,FISICA
816 Ordena la palabra: PHALIOST,HOSPITAL
817 Ordena la palabra: ETANMHRIEAR,HERRAMIENTA
818 Ordena la palabra: TMCSAITEMAA,MATEMATICAS
819 Ordena la palabra: TRIAHEREMNA,HERRAMIENTA
820 Ordena la palabra: MRDOAACOPTU,COMPUTADORA
821 Ordena la palabra: FSCAII,FISICA
822 Ordena la palabra: LNEAPTA,PLANETA
823 Ordena la palabra: JRINAD,JARDIN
824 Ordena la palabra: OGALIBOI,BIOLOGIA
825 Ordena la palabra: QIICMAU,QUIMICA
826 Ordena la palabra: OAGIGOEL,GEOLOGIA
827 Ordena la palabra: SESIAMT,SISTEMA
828 Ordena la palabra: OILIABGO,BIOLOGIA
829 Ordena la palabra: LAXIAGA,GALAXIA
830 Ordena la palabra: AEALESCR,ESCALERA
831 Ordena la palabra: RVELTOANDI,VENTILADOR
832 Ordena la palabra: IUCIAQM,QUIMICA
833 Ordena la palabra: OLIVDENATR,VENTILADOR
834 Ordena la palabra: AGLAIAX,GALAXIA
835 Ordena la palabra: AAHAODML,ALMOHADA
836 Ordena la palabra: ATMSEIS,SISTEMA
837 Ordena la palabra: IRJADN,JARDIN
838 Ordena la palabra: OOAIANRTSM,ASTRONOMIA
839 Ordena la palabra: RIDJAN,JARDIN
840 Ordena la palabra: EUSOIVRN,UNIVERSO
841 Ordena la palabra: BONCAR,CARBON
842 Ordena la palabra: OEIXGON,OXIGENO
843 Ordena la palabra: ICFASI,FISICA
844 Ordena la palabra: ORCNBA,CARBON
845 Ordena la palabra: FISCIA,FISICA
846 Ordena la palabra: AITMSES,SISTEMA
847 Ordena la palabra: ICIMQUA,QUIMICA
848 Ordena la palabra: CAEMATASMTI,MATEMATICAS
849 Ordena la palabra: NALTAPAL,PANTALLA
850 Ordena la palabra: TDRLAOIVNE,VENTILADOR
851 Ordena la palabra: NOCRAB,CARBON
852 Ordena la palabra: NOOIFOMCR,MICROFONO
853 Ordena la palabra: OFTOGAAFIR,FOTOGRAFIA
854 Ordena la palabra: AOIRPMRCOGAN,PROGRAMACION
855 Ordena la palabra: ENITTNER,INTERNET
856 Ordena la palabra: LNLAATPA,PANTALLA
857 Ordena la palabra: AOOTAFGFRI,FOTOGRAFIA
858 Ordena la palabra: ABNRCO,CARBON
859 Ordena la palabra: NEIEATAMHRR,HERRAMIENTA
860 Ordena la palabra: IIABOLOG,BIOLOGIA
861 Ordena la palabra: VNEIUSOR,UNIVERSO
862 Ordena la palabra: LRSERDOLOA,DESARROLLO
863 Ordena la palabra: CEIORSORIT,ESCRITORIO
864 Ordena la palabra: MOOCFOINR,MICROFONO
865 Ordena la palabra: DNIJRA,JARDIN
866 Ordena la palabra: INAOAGCPMRRO,PROGRAMACION
867 Ordena la palabra: ARNOBC,CARBON
868 Ordena la palabra: OAIEIBLTCB,BIBLIOTECA
869 Ordena la palabra: SRVEUOIN,UNIVERSO
870 Ordena la palabra: PAMNOCARIGOR,PROGRAMACION
871 Ordena la palabra: CLBAOITIBE,BIBLIOTECA
872 Ordena la palabra: RRLLEAODSO,DESARROLLO
873 Ordena la palabra: MDAAHALO,ALMOHADA
874 Ordena la palabra: ERMORUCI,MERCURIO
875 Ordena la palabra: HORDIENOG,HIDROGENO
876 Ordena la palabra: AECATRRRE,CARRETERA
877 Ordena la palabra: LPHSTIAO,HOSPITAL
878 Ordena la palabra: OGEGIOLA,GEOLOGIA
879 Ordena la palabra: LGOIBOAI,BIOLOGIA
880 Ordena la palabra: EOIHDNOGR,HIDROGENO
881 Ordena la palabra: LDERIAVTON,VENTILADOR
882 Ordena la palabra: BTABLEOIIC,BIBLIOTECA
883 Ordena la palabra: IOBALIGO,BIOLOGIA
884 Ordena la palabra: EUOIRSVN,UNIVERSO
885 Ordena la palabra: CERAESAL,ESCALERA
886 Ordena la palabra: RCRAAERET,CARRETERA
887 Ordena la palabra: DNAIRJ,JARDIN
888 Ordena la palabra: NGIEHOROD,HIDROGENO
889 Ordena la palabra: NIMFROOOC,MICROFONO
890 Ordena la palabra: ITFAAOFGOR,FOTOGRAFIA
891 Ordena la palabra: EAERCLAS,ESCALERA
892 Ordena la palabra: RAHRIENAETM,HERRAMIENTA
893 Ordena la palabra: LSRCEEAA,ESCALERA
894 Ordena la palabra: LOEAOSRLRD,DESARROLLO
895 Ordena la palabra: MCEMAAITSAT,MATEMATICAS
896 Ordena la palabra: IGXLAAA,GALAXIA
897 Ordena la palabra: ARAETRREC,CARRETERA
898 Ordena la palabra: NORCAB,CARBON
899 Ordena la palabra: UEVSORIN,UNIVERSO
900 Ordena la palabra: OAOGELIG,GEOLOGIA
901 Ordena la palabra: OUMPCTODAAR,COMPUTADORA
902 Ordena la palabra: LAORRLSDOE,DESARROLLO
903 Ordena la palabra: IAORCNPMGRAO,PROGRAMACION
904 Ordena la palabra: ICFISA,FISICA
905 Ordena la palabra: EVISROUN,UNIVERSO
906 Ordena la palabra: IOCONMRFO,MICROFONO
907 Ordena la palabra: NIRDJA,JARDIN
908 Ordena la palabra: OEELNOFT,TELEFONO
909 Ordena la palabra: REBMROOS,SOMBRERO
910 Ordena la palabra: ELNAPAT,PLANETA
911 Ordena la palabra: ALAXAIG,GALAXIA
912 Ordena la palabra: CEMRRUOI,MERCURIO
913 Ordena la palabra: SASEIMT,SISTEMA
914 Ordena la palabra: UIACIQM,QUIMICA
915 Ordena la palabra: LOSEDRROLA,DESARROLLO
916 Ordena la palabra: STIESAM,SISTEMA
917 Ordena la palabra: IETENRNT,INTERNET
918 Ordena la palabra: NALTLPAA,PANTALLA
919 Ordena la palabra: IALNTOEDVR,VENTILADOR
920 Ordena la palabra: OITHPASL,HOSPITAL
921 Ordena la palabra: NDTIAVEORL,VENTILADOR
922 Ordena la palabra: OMUERIRC,MERCURIO
923 Ordena la palabra: LOOIGGAE,GEOLOGIA
924 Ordena la palabra: MALOAHDA,ALMOHADA
925 Ordena la palabra: NXEOGOI,OXIGENO
926 Ordena la palabra: ASAETCAMIMT,MATEMATICAS
927 Ordena la palabra: CARTERAER,CARRETERA
928 Ordena la palabra: OOEGGLAI,GEOLOGIA
929 Ordena la palabra: OAFTGFORIA,FOTOGRAFIA
930 Ordena la palabra: EIMRANTAEHR,HERRAMIENTA
931 Ordena la palabra: OIVEUNRS,UNIVERSO
932 Ordena la palabra: MTAESIS,SISTEMA
933 Ordena la palabra: ITNEETRN,INTERNET
934 Ordena la palabra: OOGLAIGE,GEOLOGIA
935 Ordena la palabra: TOGRIFAAFO,FOTOGRAFIA
936 Ordena la palabra: ITHNAEARREM,HERRAMIENTA
937 Ordena la palabra: LORRAOLEDS,DESARROLLO
938 Ordena la palabra: MAHAAOLD,ALMOHADA
939 Ordena la palabra: TECALDO,TECLADO
940 Ordena la palabra: RLDROSELOA,DESARROLLO
941 Ordena la palabra: GXAALAI,GALAXIA
942 Ordena la palabra: IAIQUCM,QUIMICA
943 Ordena la palabra: POIOGRACMRNA,PROGRAMACION
944 Ordena la palabra: NOMCORIFO,MICROFONO
945 Ordena la palabra: DEGROHION,HIDROGENO
946 Ordena la palabra: MCATTAAISEM,MATEMATICAS
947 Ordena la palabra: ITMSAES,SISTEMA
948 Ordena la palabra: SROVENUI,UNIVERSO
949 Ordena la palabra: RTANHEIEARM,HERRAMIENTA
950 Ordena la palabra: DOOPMRTAUAC,COMPUTADORA
951 Ordena la palabra: VEIUNROS,UNIVERSO
952 Ordena la palabra: NRENTEIT,INTERNET
953 Ordena la palabra: GILAGOOE,GEOLOGIA
954 Ordena la palabra: AMITSES,SISTEMA
955 Ordena la palabra: TALNAPE,PLANETA
956 Ordena la palabra: ANIDJR,JARDIN
957 Ordena la palabra: SIAIFC,FISICA
958 Ordena la palabra: OAADLAHM,ALMOHADA
959 Ordena la palabra: MASSETI,SISTEMA
960 Ordena la palabra: LIASHOPT,HOSPITAL
961 Ordena la palabra: LAPNAET,PLANETA
962 Ordena la palabra: HALDOMAA,ALMOHADA
963 Ordena la palabra: OGLIBOIA,BIOLOGIA
964 Ordena la palabra: AREASLCE,ESCALERA
965 Ordena la palabra: EDALTCO,TECLADO
966 Ordena la palabra: GEOGIAOL,GEOLOGIA
967 Ordena la palabra: RCTAEERRA,CARRETERA
968 Ordena la palabra: RAERETACR,CARRETERA
969 Ordena la palabra: NELIODVTRA,VENTILADOR
970 Ordena la palabra: RHOIDNEOG,HIDROGENO
971 Ordena la palabra: OAHISLTP,HOSPITAL
972 Ordena la palabra: GOALIIBO,BIOLOGIA
973 Ordena la palabra: ATPNLEA,PLANETA
974 Ordena la palabra: NXOIGEO,OXIGENO
975 Ordena la palabra: EIUONRVS,UNIVERSO
976 Ordena la palabra: UROENISV,UNIVERSO
977 Ordena la palabra: CATOEDL,TECLADO
978 Ordena la palabra: IBALOGOI,BIOLOGIA
979 Ordena la palabra: ALLNPTAA,PANTALLA
980 Ordena la palabra: GHRDIOOEN,HIDROGENO
981 Ordena la palabra: IARDJN,JARDIN
982 Ordena la palabra: MCIAIUQ,QUIMICA
983 Ordena la palabra: SONVIUER,UNIVERSO
984 Ordena la palabra: LCIIEBOATB,BIBLIOTECA
985 Ordena la palabra: RAECARRET,CARRETERA
986 Ordena la palabra: MGCPRANIOORA,PROGRAMACION
987 Ordena la palabra: OEDCTAL,TECLADO
988 Ordena la palabra: ROESBOMR,SOMBRERO
989 Ordena la palabra: GAALXAI,GALAXIA
990 Ordena la palabra: AMDOLAHA,ALMOHADA
991 Ordena la palabra: MIONFOROC,MICROFONO
992 Ordena la palabra: INOSRMTAOA,ASTRONOMIA
993 Ordena la palabra: OREIMCUR,MERCURIO
994 Ordena la palabra: OEDHINGOR,HIDROGENO
995 Ordena la palabra: DANJIR,JARDIN
996 Ordena la palabra: EAPTALN,PLANETA
997 Ordena la palabra: IGXLAAA,GALAXIA
998 Ordena la palabra: EIOGOXN,OXIGENO
999 Ordena la palabra: ILOGBIOA,BIOLOGIA
1000 Ordena la palabra: NIJADR,JARDIN
1001 Ordena la palabra: TMSAEIS,SISTEMA
1002 Ordena la palabra: MFOROCNIO,MICROFONO
1003 Ordena la palabra: MEASSIT,SISTEMA
1004 Ordena la palabra: EAMSITS,SISTEMA
1005 Ordena la palabra: FIACSI,FISICA
1006 Ordena la palabra: DNOOIHRGE,HIDROGENO
1007 Ordena la palabra: ROOESADLLR,DESARROLLO
1008 Ordena la palabra: AFTFAIRGOO,FOTOGRAFIA
1009 Ordena la palabra: EITMASS,SISTEMA
1010 Ordena la palabra: ATIMNAROSO,ASTRONOMIA
1011 Ordena la palabra: AEANLPT,PLANETA
1012 Ordena la palabra: AMMETITSCAA,MATEMATICAS
1013 Ordena la palabra: TCAARRREE,CARRETERA
1014 Ordena la palabra: UEOICMRR,MERCURIO
1015 Ordena la palabra: RJDINA,JARDIN
1016 Ordena la palabra: OOIGERDNH,HIDROGENO
1017 Ordena la palabra: ACMEIATSTMA,MATEMATICAS
1018 Ordena la palabra: SCAAATTMMIE,MATEMATICAS
1019 Ordena la palabra: NOGIHRODE,HIDROGENO
1020 Ordena la palabra: TERRAECRA,CARRETERA
1021 Ordena la palabra: RENNITET,INTERNET
1022 Ordena la palabra: OHNRDEOIG,HIDROGENO
1023 Ordena la palabra: TPLAAEN,PLANETA
1024 Ordena la palabra: ALGIAAX,GALAXIA
1025 Ordena la palabra: IAAGOFOTRF,FOTOGRAFIA
1026 Ordena la palabra: ISICAF,FISICA
1027 Ordena la palabra: STSAEIM,SISTEMA
1028 Ordena la palabra: CIATAESMMAT,MATEMATICAS
1029 Ordena la palabra: OBESMORR,SOMBRERO
1030 Ordena la palabra: RINTETNE,INTERNET
1031 Ordena la palabra: AMOCTDPORAU,COMPUTADORA
1032 Ordena la palabra: EALTODC,TECLADO
1033 Ordena la palabra: SRENVUIO,UNIVERSO
1034 Ordena la palabra: OSTRAMOIAN,ASTRONOMIA
1035 Ordena la palabra: MUQICAI,QUIMICA
1036 Ordena la palabra: AHLMOAAD,ALMOHADA
1037 Ordena la palabra: IHEMTNAARER,HERRAMIENTA
1038 Ordena la palabra: TLLANAPA,PANTALLA
1039 Ordena la palabra: TTRNEIEN,INTERNET
1040 Ordena la palabra: EALDTCO,TECLADO
1041 Ordena la palabra: ICIMUQA,QUIMICA
1042 Ordena la palabra: LRAOORELSD,DESARROLLO
1043 Ordena la palabra: EOLGOGIA,GEOLOGIA
1044 Ordena la palabra: AOLCTED,TECLADO
1045 Ordena la palabra: APTNALLA,PANTALLA
1046 Ordena la palabra: RCOBNA,CARBON
1047 Ordena la palabra: RSOTIOMANA,ASTRONOMIA
1048 Ordena la palabra: AAMOHADL,ALMOHADA
1049 Ordena la palabra: NMERIHAREAT,HERRAMIENTA
1050 Ordena la palabra: EICLTABIOB,BIBLIOTECA
1051 Ordena la palabra: SERBOROM,SOMBRERO
1052 Ordena la palabra: CIMUAIQ,QUIMICA
1053 Ordena la palabra: QCAUMII,QUIMICA
1054 Ordena la palabra: ALNLPATA,PANTALLA
1055 Ordena la palabra: AAINRHRTEEM,HERRAMIENTA
1056 Ordena la palabra: SAMAMTEICTA,MATEMATICAS
1057 Ordena la palabra: RCMUROIE,MERCURIO
1058 Ordena la palabra: ATTAIMCEMAS,MATEMATICAS
1059 Ordena la palabra: OIREIORSTC,ESCRITORIO
1060 Ordena la palabra: BTBEACOIIL,BIBLIOTECA
1061 Ordena la palabra: ORGCPAAMNIRO,PROGRAMACION
1062 Ordena la palabra: MHAADOLA,ALMOHADA
1063 Ordena la palabra: OXINEOG,OXIGENO
1064 Ordena la palabra: EALCTOD,TECLADO
1065 Ordena la palabra: OALRRESODL,DESARROLLO
1066 Ordena la palabra: ORCAPATUODM,COMPUTADORA
1067 Ordena la palabra: EACAAMITMTS,MATEMATICAS
1068 Ordena la palabra: XIALAAG,GALAXIA
1069 Ordena la palabra: TAIAOONMSR,ASTRONOMIA
1070 Ordena la palabra: OTGFAFAIRO,FOTOGRAFIA
1071 Ordena la palabra: NPAAELT,PLANETA
1072 Ordena la palabra: OELAGOIG,GEOLOGIA
1073 Ordena la palabra: MSRBOROE,SOMBRERO
1074 Ordena la palabra: APCIRRNGOAOM,PROGRAMACION
1075 Ordena la palabra: BICBEOTLIA,BIBLIOTECA
1076 Ordena la palabra: QMIUAIC,QUIMICA
1077 Ordena la palabra: OLDMAAHA,ALMOHADA
1078 Ordena la palabra: NARDIJ,JARDIN
1079 Ordena la palabra: CALOEDT,TECLADO
1080 Ordena la palabra: OMORPGANRACI,PROGRAMACION
1081 Ordena la palabra: AINMROOGRACP,PROGRAMACION
1082 Ordena la palabra: LBIOOAIG,BIOLOGIA
1083 Ordena la palabra: SEURIOVN,UNIVERSO
1084 Ordena la palabra: ALPNEAT,PLANETA
1085 Ordena la palabra: RFFIOOATAG,FOTOGRAFIA
1086 Ordena la palabra: CTEABIIBOL,BIBLIOTECA
1087 Ordena la palabra: ODTALCE,TECLADO
1088 Ordena la palabra: ANIODRVETL,VENTILADOR
1089 Ordena la palabra: EISRRICOTO,ESCRITORIO
1090 Ordena la palabra: ASEITCMMATA,MATEMATICAS
1091 Ordena la palabra: LIOIOBGA,BIOLOGIA
1092 Ordena la palabra: EEOOTNLF,TELEFONO
1093 Ordena la palabra: TOFAIAOFRG,FOTOGRAFIA
1094 Ordena la palabra: RODNELITAV,VENTILADOR
1095 Ordena la palabra: ATOONRMSIA,ASTRONOMIA
1096 Ordena la palabra: IOLIOAGB,BIOLOGIA
1097 Ordena la palabra: STESIMA,SISTEMA
1098 Ordena la palabra: MOERCUIR,MERCURIO
1099 Ordena la palabra: IAOTMOSRAN,ASTRONOMIA
1100 Ordena la palabra: LTOOFENE,TELEFONO
1101 Ordena la palabra: TENRIENT,INTERNET
1102 Ordena la palabra: IGOAEOGL,GEOLOGIA
1103 Ordena la palabra: LOMAHADA,ALMOHADA
1104 Ordena la palabra: NIORMOTASA,ASTRONOMIA
1105 Ordena la palabra: ALTPANE,PLANETA
1106 Ordena la palabra: UOCORATAMDP,COMPUTADORA
1107 Ordena la palabra: SMTESIA,SISTEMA
1108 Ordena la palabra: ATODNELRIV,VENTILADOR
1109 Ordena la palabra: UIREROMC,MERCURIO
1110 Ordena la palabra: NGEOIXO,OXIGENO
1111 Ordena la palabra: APTENLA,PLANETA
1112 Ordena la palabra: NEAOVLDRIT,VENTILADOR
1113 Ordena la palabra: ORBRMEOS,SOMBRERO
1114 Ordena la palabra: ORTMOCAUDPA,COMPUTADORA
1115 Ordena la palabra: AATPNLAL,PANTALLA
1116 Ordena la palabra: MMETCTAAIAS,MATEMATICAS
1117 Ordena la palabra: ACROBN,CARBON
1118 Ordena la palabra: IVSNORUE,UNIVERSO
1119 Ordena la palabra: RERECRAAT,CARRETERA
1120 Ordena la palabra: AORBNC,CARBON
1121 Ordena la palabra: RCRGNAOMAOPI,PROGRAMACION
1122 Ordena la palabra: ALSREACE,ESCALERA
1123 Ordena la palabra: AMDRUTCOPOA,COMPUTADORA
1124 Ordena la palabra: SCIIFA,FISICA
1125 Ordena la palabra: OEOIGLAG,GEOLOGIA
1126 Ordena la palabra: TIRENNET,INTERNET
1127 Ordena la palabra: RINEVOSU,UNIVERSO
1128 Ordena la palabra: ITAOOAFRFG,FOTOGRAFIA
1129 Ordena la palabra: LSEAAERC,ESCALERA
1130 Ordena la palabra: NTAPEAL,PLANETA
1131 Ordena la palabra: IRODHONGE,HIDROGENO
1132 Ordena la palabra: ISAEMST,SISTEMA
1133 Ordena la palabra: EBOOMRSR,SOMBRERO
1134 Ordena la palabra: BOIGLOAI,BIOLOGIA
1135 Ordena la palabra: OODNERGIH,HIDROGENO
1136 Ordena la palabra: ASLECEAR,ESCALERA
1137 Ordena la palabra: INOMOSTRAA,ASTRONOMIA
1138 Ordena la palabra: SEOMORBR,SOMBRERO
1139 Ordena la palabra: EOIOAGLG,GEOLOGIA
1140 Ordena la palabra: RODERSLOAL,DESARROLLO
1141 Ordena la palabra: AIDNJR,JARDIN
1142 Ordena la palabra: RRAEENAHITM,HERRAMIENTA
1143 Ordena la palabra: OORFONCMI,MICROFONO
1144 Ordena la palabra: AOLEOIGG,GEOLOGIA
1145 Ordena la palabra: CSITMAETAMA,MATEMATICAS
1146 Ordena la palabra: LDROAELRSO,DESARROLLO
1147 Ordena la palabra: INETRENT,INTERNET
1148 Ordena la palabra: RSCOTIIREO,ESCRITORIO
1149 Ordena la palabra: TFFGAROOIA,FOTOGRAFIA
1150 Ordena la palabra: IAAGAXL,GALAXIA
1151 Ordena la palabra: TVELOIARND,VENTILADOR
1152 Ordena la palabra: ARRECARTE,CARRETERA
1153 Ordena la palabra: LPNATALA,PANTALLA
1154 Ordena la palabra: INOXOEG,OXIGENO
1155 Ordena la palabra: JIARND,JARDIN
1156 Ordena la palabra: RORESOTCII,ESCRITORIO
1157 Ordena la palabra: OROOFMCIN,MICROFONO
1158 Ordena la palabra: NISOUREV,UNIVERSO
1159 Ordena la palabra: REDSRAOOLL,DESARROLLO
1160 Ordena la palabra: OHAMALAD,ALMOHADA
1161 Ordena la palabra: SICFIA,FISICA
1162 Ordena la palabra: LOAGEIOG,GEOLOGIA
1163 Ordena la palabra: DLTAEOC,TECLADO
1164 Ordena la palabra: ASICFI,FISICA
1165 Ordena la palabra: PARROOMIGNAC,PROGRAMACION
1166 Ordena la palabra: ABNCOR,CARBON
1167 Ordena la palabra: RIOOAGNPAMRC,PROGRAMACION
1168 Ordena la palabra: IBOIAOLG,BIOLOGIA
1169 Ordena la palabra: LOAOLERSDR,DESARROLLO
1170 Ordena la palabra: RIOUREMC,MERCURIO
1171 Ordena la palabra: OACRNB,CARBON
1172 Ordena la palabra: AAGAXLI,GALAXIA
1173 Ordena la palabra: MSSETAI,SISTEMA
1174 Ordena la palabra: LIIOBCABTE,BIBLIOTECA
1175 Ordena la palabra: OIGOEGAL,GEOLOGIA
1176 Ordena la palabra: CAARGONPMRIO,PROGRAMACION
1177 Ordena la palabra: GGAIOEOL,GEOLOGIA
1178 Ordena la palabra: SUEVRINO,UNIVERSO
1179 Ordena la palabra: USRIONEV,UNIVERSO
1180 Ordena la palabra: HMAEARNRITE,HERRAMIENTA
1181 Ordena la palabra: OATASMRNIO,ASTRONOMIA
1182 Ordena la palabra: ICAUQMI,QUIMICA
1183 Ordena la palabra: EENNTIRT,INTERNET
1184 Ordena la palabra: IEONXGO,OXIGENO
1185 Ordena la palabra: VRIDOTALEN,VENTILADOR
1186 Ordena la palabra: PTANLAE,PLANETA
1187 Ordena la palabra: ATHREAENRMI,HERRAMIENTA
1188 Ordena la palabra: LTNAPEA,PLANETA
1189 Ordena la palabra: ARDINJ,JARDIN
1190 Ordena la palabra: DNAJIR,JARDIN
1191 Ordena la palabra: LASRDOROLE,DESARROLLO
1192 Ordena la palabra: EAOROLSLDR,DESARROLLO
1193 Ordena la palabra: AAILXAG,GALAXIA
1194 Ordena la palabra: EGOGILAO,GEOLOGIA
1195 Ordena la palabra: GGOIEAOL,GEOLOGIA
1196 Ordena la palabra: BRNOAC,CARBON
1197 Ordena la palabra: GIRENDOHO,HIDROGENO
1198 Ordena la palabra: JDIARN,JARDIN
1199 Ordena la palabra: ALTNAPE,PLANETA
1200 Ordena la palabra: SCIAIF,FISICA
1201 Ordena la palabra: GIIAOLOB,BIOLOGIA
1202 Ordena la palabra: ROEMROSB,SOMBRERO
1203 Ordena la palabra: AIROFGOTAF,FOTOGRAFIA
1204 Ordena la palabra: ETLFOONE,TELEFONO
1205 Ordena la palabra: ATEERRACR,CARRETERA
1206 Ordena la palabra: SEOLOLRADR,DESARROLLO
1207 Ordena la palabra: OOEELNTF,TELEFONO
1208 Ordena la palabra: CARSAEEL,ESCALERA
1209 Ordena la palabra: EIOONGX,OXIGENO
1210 Ordena la palabra: LIGAXAA,GALAXIA
1211 Ordena la palabra: LTLANAAP,PANTALLA
1212 Ordena la palabra: ARMHREENAIT,HERRAMIENTA
1213 Ordena la palabra: OGOGLAEI,GEOLOGIA
1214 Ordena la palabra: LANTPALA,PANTALLA
1215 Ordena la palabra: OHALDAMA,ALMOHADA
1216 Ordena la palabra: LIOAGIBO,BIOLOGIA
1217 Ordena la palabra: OIGLAOEG,GEOLOGIA
1218 Ordena la palabra: OORRESMB,SOMBRERO
1219 Ordena la palabra: OMATRSOAIN,ASTRONOMIA
1220 Ordena la palabra: IMCQIUA,QUIMICA
1221 Ordena la palabra: IQMUCIA,QUIMICA
1222 Ordena la palabra: TAOAORINSM,ASTRONOMIA
1223 Ordena la palabra: LONEFOET,TELEFONO
1224 Ordena la palabra: RNSOMAITAO,ASTRONOMIA
1225 Ordena la palabra: ETICOBILAB,BIBLIOTECA
1226 Ordena la palabra: LPATAANL,PANTALLA
1227 Ordena la palabra: TMISSEA,SISTEMA
1228 Ordena la palabra: ELORRLOSAD,DESARROLLO
1229 Ordena la palabra: HEAEIAMRRNT,HERRAMIENTA
1230 Ordena la palabra: ILBTCOBIEA,BIBLIOTECA
1231 Ordena la palabra: GOAAPROIRNMC,PROGRAMACION
1232 Ordena la palabra: IOTRFGAAOF,FOTOGRAFIA
1233 Ordena la palabra: TSEMASI,SISTEMA
1234 Ordena la palabra: ATMSAIATEMC,MATEMATICAS
1235 Ordena la palabra: LBAOOGII,BIOLOGIA
1236 Ordena la palabra: IIBOALOG,BIOLOGIA
1237 Ordena la palabra: SRRALOLOED,DESARROLLO
1238 Ordena la palabra: LGIXAAA,GALAXIA
1239 Ordena la palabra: AESRCEAL,ESCALERA
1240 Ordena la palabra: XLAAAGI,GALAXIA
1241 Ordena la palabra: BLAOTIIBEC,BIBLIOTECA
1242 Ordena la palabra: REAAERRTC,CARRETERA
1243 Ordena la palabra: ITOEORSCIR,ESCRITORIO
1244 Ordena la palabra: LHAADMAO,ALMOHADA
1245 Ordena la palabra: OOASRRLDLE,DESARROLLO
1246 Ordena la palabra: HMALAADO,ALMOHADA
1247 Ordena la palabra: OSORMBER,SOMBRERO
1248 Ordena la palabra: BBATOIIELC,BIBLIOTECA
1249 Ordena la palabra: LNTAPEA,PLANETA
1250 Ordena la palabra: CAMQIUI,QUIMICA
1251 Ordena la palabra: NJARID,JARDIN
1252 Ordena la palabra: IOSUVENR,UNIVERSO
1253 Ordena la palabra: IRMCREOU,MERCURIO
1254 Ordena la palabra: AAAMLHDO,ALMOHADA
1255 Ordena la palabra: GAIXALA,GALAXIA
1256 Ordena la palabra: AACUTMDPOOR,COMPUTADORA
1257 Ordena la palabra: PLAANTLA,PANTALLA
1258 Ordena la palabra: SATISEM,SISTEMA
1259 Ordena la palabra: PLNLAAAT,PANTALLA
1260 Ordena la palabra: MASAECTMTAI,MATEMATICAS
1261 Ordena la palabra: PEAANLT,PLANETA
1262 Ordena la palabra: TRIOCRIESO,ESCRITORIO
1263 Ordena la palabra: IICMQAU,QUIMICA
1264 Ordena la palabra: NRIEMAHTEAR,HERRAMIENTA
1265 Ordena la palabra: ALMOADHA,ALMOHADA
1266 Ordena la palabra: SIASMTE,SISTEMA
1267 Ordena la palabra: OTEIRSROCI,ESCRITORIO
1268 Ordena la palabra: TMIEASS,SISTEMA
1269 Ordena la palabra: INROOOCMF,MICROFONO
1270 Ordena la palabra: NSTOMOIRAA,ASTRONOMIA
1271 Ordena la palabra: ADJRIN,JARDIN
1272 Ordena la palabra: BIGOLAOI,BIOLOGIA
1273 Ordena la palabra: EITNNETR,INTERNET
1274 Ordena la palabra: ETSIAMS,SISTEMA
1275 Ordena la palabra: ROETSROCII,ESCRITORIO
1276 Ordena la palabra: ACUIQMI,QUIMICA
1277 Ordena la palabra: EHRMNAIARTE,HERRAMIENTA
1278 Ordena la palabra: AENLATP,PLANETA
1279 Ordena la palabra: AJINRD,JARDIN
1280 Ordena la palabra: ATCEREARR,CARRETERA
1281 Ordena la palabra: IOGALOGE,GEOLOGIA
1282 Ordena la palabra: LSRDLEAORO,DESARROLLO
1283 Ordena la palabra: ALLANPTA,PANTALLA
1284 Ordena la palabra: EARRCRTAE,CARRETERA
1285 Ordena la palabra: RNAOCB,CARBON
1286 Ordena la palabra: STSAEIM,SISTEMA
1287 Ordena la palabra: RAPGOANOCIRM,PROGRAMACION
1288 Ordena la palabra: LAOIIOBG,BIOLOGIA
1289 Ordena la palabra: VENIURSO,UNIVERSO
1290 Ordena la palabra: EOSLDLRAOR,DESARROLLO
1291 Ordena la palabra: GLXAIAA,GALAXIA
1292 Ordena la palabra: SIPATHLO,HOSPITAL
1293 Ordena la palabra: OSDLREAOLR,DESARROLLO
1294 Ordena la palabra: LIGBOAIO,BIOLOGIA
1295 Ordena la palabra: IRGNEOOHD,HIDROGENO
1296 Ordena la palabra: TNLEEOFO,TELEFONO
1297 Ordena la palabra: ACROBN,CARBON
1298 Ordena la palabra: TERNITEN,INTERNET
1299 Ordena la palabra: BGLOIAIO,BIOLOGIA
1300 Ordena la palabra: DRINJA,JARDIN
1301 Ordena la palabra: GOGIOLEA,GEOLOGIA
1302 Ordena la palabra: OTEDACL,TECLADO
1303 Ordena la palabra: RGIAOAFTOF,FOTOGRAFIA
1304 Ordena la palabra: DGEROHINO,HIDROGENO
1305 Ordena la palabra: OEOLTNEF,TELEFONO
1306 Ordena la palabra: OHDAMALA,ALMOHADA
1307 Ordena la palabra: TPSHIOLA,HOSPITAL
1308 Ordena la palabra: EMSAIST,SISTEMA
1309 Ordena la palabra: OENFTOLE,TELEFONO
1310 Ordena la palabra: DNJIAR,JARDIN
1311 Ordena la palabra: TACMATEASMI,MATEMATICAS
1312 Ordena la palabra: MMACAATTESI,MATEMATICAS
1313 Ordena la palabra: ESLAAECR,ESCALERA
1314 Ordena la palabra: SSTEAIM,SISTEMA
1315 Ordena la palabra: ALOOELSRRD,DESARROLLO
1316 Ordena la palabra: ENTTRIEN,INTERNET
1317 Ordena la palabra: ALDOHAMA,ALMOHADA
1318 Ordena la palabra: IOGNORHED,HIDROGENO
1319 Ordena la palabra: INDRAJ,JARDIN
1320 Ordena la palabra: OSCTROERII,ESCRITORIO
1321 Ordena la palabra: TICRSOERIO,ESCRITORIO
1322 Ordena la palabra: MQIACUI,QUIMICA
1323 Ordena la palabra: GGOEOLAI,GEOLOGIA
1324 Ordena la palabra: NGOROAIPACRM,PROGRAMACION
1325 Ordena la palabra: IBLCEOIBAT,BIBLIOTECA
1326 Ordena la palabra: SIUREVNO,UNIVERSO
1327 Ordena la palabra: AIGOGELO,GEOLOGIA
1328 Ordena la palabra: LAAXGAI,GALAXIA
1329 Ordena la palabra: UORIRCEM,MERCURIO
1330 Ordena la palabra: ORCANB,CARBON
1331 Ordena la palabra: AGXAALI,GALAXIA
1332 Ordena la palabra: THAMIERENAR,HERRAMIENTA
1333 Ordena la palabra: FARAOGTFOI,FOTOGRAFIA
1334 Ordena la palabra: AETLANP,PLANETA
1335 Ordena la palabra: CSRLAAEE,ESCALERA
1336 Ordena la palabra: OUERRICM,MERCURIO
1337 Ordena la palabra: LAAOADHM,ALMOHADA
1338 Ordena la palabra: AALRSEEC,ESCALERA
1339 Ordena la palabra: AGXILAA,GALAXIA
1340 Ordena la palabra: MURCOIRE,MERCURIO
1341 Ordena la palabra: AMNOCRAGPRIO,PROGRAMACION
1342 Ordena la palabra: EARSAELC,ESCALERA
1343 Ordena la palabra: IQCUIMA,QUIMICA
1344 Ordena la palabra: ITETRNNE,INTERNET
1345 Ordena la palabra: IRAAGFFTOO,FOTOGRAFIA
1346 Ordena la palabra: AEEMTRRIHNA,HERRAMIENTA
1347 Ordena la palabra: ISFACI,FISICA
1348 Ordena la palabra: INMRAOSTAO,ASTRONOMIA
1349 Ordena la palabra: SPATOILH,HOSPITAL
1350 Ordena la palabra: GERHOIDON,HIDROGENO
1351 Ordena la palabra: RCTIOSIOER,ESCRITORIO
1352 Ordena la palabra: EPTNLAA,PLANETA
1353 Ordena la palabra: ITSOREIORC,ESCRITORIO
1354 Ordena la palabra: CERAREART,CARRETERA
1355 Ordena la palabra: NITRAOVELD,VENTILADOR
1356 Ordena la palabra: OOMNFCIOR,MICROFONO
1357 Ordena la palabra: RBAOCN,CARBON
1358 Ordena la palabra: IAAGLAX,GALAXIA
1359 Ordena la palabra: OTUADRMAOCP,COMPUTADORA
1360 Ordena la palabra: ONOCFIOMR,MICROFONO
1361 Ordena la palabra: IRGDNHOOE,HIDROGENO
1362 Ordena la palabra: HLTISPAO,HOSPITAL
1363 Ordena la palabra: SIICORETRO,ESCRITORIO
1364 Ordena la palabra: OSITPLAH,HOSPITAL
1365 Ordena la palabra: ELBITCIBAO,BIBLIOTECA
1366 Ordena la palabra: FIISCA,FISICA
1367 Ordena la palabra: NTIDROLEVA,VENTILADOR
1368 Ordena la palabra: ORCREUMI,MERCURIO
1369 Ordena la palabra: RTEARNMIHAE,HERRAMIENTA
1370 Ordena la palabra: TTEICAAAMMS,MATEMATICAS
1371 Ordena la palabra: EMORROSB,SOMBRERO
1372 Ordena la palabra: QMIICUA,QUIMICA
1373 Ordena la palabra: ALOTHSPI,HOSPITAL
1374 Ordena la palabra: ROTALNDIVE,VENTILADOR
1375 Ordena la palabra: CLTEOAD,TECLADO
1376 Ordena la palabra: AAOMDHAL,ALMOHADA
1377 Ordena la palabra: EBOTCILABI,BIBLIOTECA
1378 Ordena la palabra: OGOIAGEL,GEOLOGIA
1379 Ordena la palabra: REARTCERA,CARRETERA
1380 Ordena la palabra: LEATCDO,TECLADO
1381 Ordena la palabra: OICRPRAGNOMA,PROGRAMACION
1382 Ordena la palabra: TNALALAP,PANTALLA
1383 Ordena la palabra: AGOEOLGI,GEOLOGIA
1384 Ordena la palabra: OIXOGNE,OXIGENO
1385 Ordena la palabra: LNFEOOTE,TELEFONO
1386 Ordena la palabra: AATROIMNOS,ASTRONOMIA
1387 Ordena la palabra: LCETDOA,TECLADO
1388 Ordena la palabra: IALGAXA,GALAXIA
1389 Ordena la palabra: TALANALP,PANTALLA
1390 Ordena la palabra: ACEELASR,ESCALERA
1391 Ordena la palabra: NLEPAAT,PLANETA
1392 Ordena la palabra: ORNSIEVU,UNIVERSO
1393 Ordena la palabra: MASAEIATTMC,MATEMATICAS
1394 Ordena la palabra: ALGAIXA,GALAXIA
1395 Ordena la palabra: NRHGOODEI,HIDROGENO
1396 Ordena la palabra: ILVERTDOAN,VENTILADOR
1397 Ordena la palabra: AMLHDOAA,ALMOHADA
1398 Ordena la palabra: IOSEROITRC,ESCRITORIO
1399 Ordena la palabra: UCRROIME,MERCURIO
1400 Ordena la palabra: NPRAOMCIGORA,PROGRAMACION
1401 Ordena la palabra: LADHAMOA,ALMOHADA
1402 Ordena la palabra: RUEINVOS,UNIVERSO
1403 Ordena la palabra: NETAAPL,PLANETA
1404 Ordena la palabra: EILDTARNOV,VENTILADOR
1405 Ordena la palabra: MRNFOOOIC,MICROFONO
1406 Ordena la palabra: RLOEASRLDO,DESARROLLO
1407 Ordena la palabra: ROCIRMUE,MERCURIO
1408 Ordena la palabra: OREVNSUI,UNIVERSO
1409 Ordena la palabra: IOLAOGGE,GEOLOGIA
1410 Ordena la palabra: IFSCIA,FISICA
1411 Ordena la palabra: TROCOISREI,ESCRITORIO
1412 Ordena la palabra: EPAALNT,PLANETA
1413 Ordena la palabra: ISMSTAE,SISTEMA
1414 Ordena la palabra: XLGIAAA,GALAXIA
1415 Ordena la palabra: MIMSEACATAT,MATEMATICAS
1416 Ordena la palabra: EITCBAOLBI,BIBLIOTECA
1417 Ordena la palabra: DAJRIN,JARDIN
1418 Ordena la palabra: ICELIATBOB,BIBLIOTECA
1419 Ordena la palabra: NOXOGIE,OXIGENO
1420 Ordena la palabra: TETIRNNE,INTERNET
1421 Ordena la palabra: AEIBLTCBOI,BIBLIOTECA
1422 Ordena la palabra: ATIMMCATASE,MATEMATICAS
1423 Ordena la palabra: SRLCEAEA,ESCALERA
1424 Ordena la palabra: ANTOELDIVR,VENTILADOR
1425 Ordena la palabra: AAGLXIA,GALAXIA
1426 Ordena la palabra: MROEICRU,MERCURIO
1427 Ordena la palabra: TAOLSIPH,HOSPITAL
1428 Ordena la palabra: DPAMOTCARUO,COMPUTADORA
1429 Ordena la palabra: TLFOEOEN,TELEFONO
1430 Ordena la palabra: RTAEERACR,CARRETERA
1431 Ordena la palabra: IRSUONEV,UNIVERSO
1432 Ordena la palabra: RMIAHRTENAE,HERRAMIENTA
1433 Ordena la palabra: ERTLIONVDA,VENTILADOR
1434 Ordena la palabra: NDHROIGEO,HIDROGENO
1435 Ordena la palabra: NEALAPT,PLANETA
1436 Ordena la palabra: TASMCIEAATM,MATEMATICAS
1437 Ordena la palabra: ATCEASMTMAI,MATEMATICAS
1438 Ordena la palabra: EBOBIICTLA,BIBLIOTECA
1439 Ordena la palabra: ANRIEAMTEHR,HERRAMIENTA
1440 Ordena la palabra: ABEBOLCTII,BIBLIOTECA
1441 Ordena la palabra: AOGFRFAOTI,FOTOGRAFIA
1442 Ordena la palabra: OENIXOG,OXIGENO
1443 Ordena la palabra: ONTIVELARD,VENTILADOR
1444 Ordena la palabra: ACLSREEA,ESCALERA
1445 Ordena la palabra: EAIAMTTCSMA,MATEMATICAS
1446 Ordena la palabra: AREHRIAMTEN,HERRAMIENTA
1447 Ordena la palabra: ASMONTOAIR,ASTRONOMIA
1448 Ordena la palabra: RENAAHIMERT,HERRAMIENTA
1449 Ordena la palabra: VEOLRTIADN,VENTILADOR
1450 Ordena la palabra: EOSRRCOTII,ESCRITORIO
1451 Ordena la palabra: DNJRAI,JARDIN
1452 Ordena la palabra: INADJR,JARDIN
1453 Ordena la palabra: ALPNALAT,PANTALLA
1454 Ordena la palabra: RDINOHOEG,HIDROGENO
1455 Ordena la palabra: ALIAGAX,GALAXIA
1456 Ordena la palabra: IOBLOIGA,BIOLOGIA
1457 Ordena la palabra: MATESSI,SISTEMA
1458 Ordena la palabra: SURVOINE,UNIVERSO
1459 Ordena la palabra: IAOROGARNPMC,PROGRAMACION
1460 Ordena la palabra: BCTLBOAIEI,BIBLIOTECA
1461 Ordena la palabra: ORESRALOLD,DESARROLLO
1462 Ordena la palabra: MECAAISTMTA,MATEMATICAS
1463 Ordena la palabra: ORSVUNIE,UNIVERSO
1464 Ordena la palabra: TIENETNR,INTERNET
1465 Ordena la palabra: IOOMPCGRRAAN,PROGRAMACION
1466 Ordena la palabra: LLNAATAP,PANTALLA
1467 Ordena la palabra: MEITSAS,SISTEMA
1468 Ordena la palabra: ITETMMAAASC,MATEMATICAS
1469 Ordena la palabra: COOMRFNOI,MICROFONO
1470 Ordena la palabra: ALPATLAN,PANTALLA
1471 Ordena la palabra: MPRUOATOADC,COMPUTADORA
1472 Ordena la palabra: AIMCOGPANRRO,PROGRAMACION
1473 Ordena la palabra: EIRDGHOON,HIDROGENO
1474 Ordena la palabra: NINTEETR,INTERNET
1475 Ordena la palabra: AIUCMIQ,QUIMICA
1476 Ordena la palabra: OFLENOET,TELEFONO
1477 Ordena la palabra: ENETFOLO,TELEFONO
1478 Ordena la palabra: CPOAOADTRUM,COMPUTADORA
1479 Ordena la palabra: ORDRSOLEAL,DESARROLLO
1480 Ordena la palabra: ORNDGEHOI,HIDROGENO
1481 Ordena la palabra: RBOSRMOE,SOMBRERO
1482 Ordena la palabra: GNRCPRIOAAMO,PROGRAMACION
1483 Ordena la palabra: MIATENERHAR,HERRAMIENTA
1484 Ordena la palabra: AMEAREITRHN,HERRAMIENTA
1485 Ordena la palabra: RCOOGIPAANMR,PROGRAMACION
1486 Ordena la palabra: ALANTLAP,PANTALLA
1487 Ordena la palabra: OXIGNOE,OXIGENO
1488 Ordena la palabra: SICAFI,FISICA
1489 Ordena la palabra: ELIOBCTIAB,BIBLIOTECA
1490 Ordena la palabra: GDRNIHOEO,HIDROGENO
1491 Ordena la palabra: UESVRNOI,UNIVERSO
1492 Ordena la palabra: EAPTLAN,PLANETA
1493 Ordena la palabra: MLAODHAA,ALMOHADA
1494 Ordena la palabra: OAADMAHL,ALMOHADA
1495 Ordena la palabra: ACIIMQU,QUIMICA
1496 Ordena la palabra: ONEEOTLF,TELEFONO
1497 Ordena la palabra: ECLDOTA,TECLADO
1498 Ordena la palabra: GIBOILAO,BIOLOGIA
1499 Ordena la palabra: ARASLECE,ESCALERA
1500 Ordena la palabra: ONFTEOLE,TELEFONO
1501 Ordena la palabra: IGOOEALG,GEOLOGIA
1502 Ordena la palabra: EOOLNFET,TELEFONO
1503 Ordena la palabra: EEOTNFLO,TELEFONO
1504 Ordena la palabra: ISFACI,FISICA
1505 Ordena la palabra: ANBOCR,CARBON
1506 Ordena la palabra: IERCRUOM,MERCURIO
1507 Ordena la palabra: ONHEIORGD,HIDROGENO
1508 Ordena la palabra: TLORVADNIE,VENTILADOR
1509 Ordena la palabra: OAAONPCRRIMG,PROGRAMACION
1510 Ordena la palabra: VERONISU,UNIVERSO
1511 Ordena la palabra: RECERRAAT,CARRETERA
1512 Ordena la palabra: ORRIOETSIC,ESCRITORIO
1513 Ordena la palabra: GOOHRNIDE,HIDROGENO
1514 Ordena la palabra: FSCIAI,FISICA
1515 Ordena la palabra: NTEINERT,INTERNET
1516 Ordena la palabra: OIAATSMNOR,ASTRONOMIA
1517 Ordena la palabra: REODVINALT,VENTILADOR
1518 Ordena la palabra: TSACTMEMIAA,MATEMATICAS
1519 Ordena la palabra: OREANLTDIV,VENTILADOR
1520 Ordena la palabra: NFLTOEOE,TELEFONO
1521 Ordena la palabra: EOGILGAO,GEOLOGIA
1522 Ordena la palabra: LGIXAAA,GALAXIA
1523 Ordena la palabra: ARDIJN,JARDIN
1524 Ordena la palabra: ALLATPNA,PANTALLA
1525 Ordena la palabra: OIOALEGG,GEOLOGIA
1526 Ordena la palabra: AIICSF,FISICA
1527 Ordena la palabra: EMIASST,SISTEMA
1528 Ordena la palabra: EOGHNDOIR,HIDROGENO
1529 Ordena la palabra: AOOLGGIE,GEOLOGIA
1530 Ordena la palabra: NRIGHEDOO,HIDROGENO
1531 Ordena la palabra: OGEGOAIL,GEOLOGIA
1532 Ordena la palabra: OEOLNTEF,TELEFONO
1533 Ordena la palabra: IGOGOALE,GEOLOGIA
1534 Ordena la palabra: ASICIF,FISICA
1535 Ordena la palabra: NLEAAPT,PLANETA
1536 Ordena la palabra: MOANRASTIO,ASTRONOMIA
1537 Ordena la palabra: TNPLAAAL,PANTALLA
1538 Ordena la palabra: MOSBORRE,SOMBRERO
1539 Ordena la palabra: ICEROUMR,MERCURIO
1540 Ordena la palabra: ADOLVTIRNE,VENTILADOR
1541 Ordena la palabra: EALTNAP,PLANETA
1542 Ordena la palabra: OMAARITSON,ASTRONOMIA
1543 Ordena la palabra: ELTAOVNDIR,VENTILADOR
1544 Ordena la palabra: HAODALAM,ALMOHADA
1545 Ordena la palabra: OMRURCIE,MERCURIO
1546 Ordena la palabra: DEOONGIRH,HIDROGENO
1547 Ordena la palabra: STRANOAIMO,ASTRONOMIA
1548 Ordena la palabra: FAGIOOTFRA,FOTOGRAFIA
1549 Ordena la palabra: EAAELCRS,ESCALERA
1550 Ordena la palabra: NIEOHGRDO,HIDROGENO
1551 Ordena la palabra: CDTOLAE,TECLADO
1552 Ordena la palabra: NCABOR,CARBON
1553 Ordena la palabra: AALADMOH,ALMOHADA
1554 Ordena la palabra: AHRITRNAEEM,HERRAMIENTA
1555 Ordena la palabra: AAPETNL,PLANETA
1556 Ordena la palabra: ITLOSAPH,HOSPITAL
1557 Ordena la palabra: ITCATMMEAAS,MATEMATICAS
1558 Ordena la palabra: ELASARCE,ESCALERA
1559 Ordena la palabra: GROHNIEDO,HIDROGENO
1560 Ordena la palabra: RRMEOOSB,SOMBRERO
1561 Ordena la palabra: ETNOFOLE,TELEFONO
1562 Ordena la palabra: GIOAOLGE,GEOLOGIA
1563 Ordena la palabra: OEAGLOGI,GEOLOGIA
1564 Ordena la palabra: NNEETITR,INTERNET
1565 Ordena la palabra: ETRMERAHIAN,HERRAMIENTA
1566 Ordena la palabra: SMTEISA,SISTEMA
1567 Ordena la palabra: AHTRENARIEM,HERRAMIENTA
1568 Ordena la palabra: ARDINJ,JARDIN
1569 Ordena la palabra: NPLATLAA,PANTALLA
1570 Ordena la palabra: OEUCMIRR,MERCURIO
1571 Ordena la palabra: OMDROUPATCA,COMPUTADORA
1572 Ordena la palabra: RSLAECEA,ESCALERA
1573 Ordena la palabra: AISTSEM,SISTEMA
1574 Ordena la palabra: ONOMIATSRA,ASTRONOMIA
1575 Ordena la palabra: ERDLLSAROO,DESARROLLO
1576 Ordena la palabra: EOIAOGGL,GEOLOGIA
1577 Ordena la palabra: ECERRATRA,CARRETERA
1578 Ordena la palabra: FSCAII,FISICA
1579 Ordena la palabra: TSHOIPLA,HOSPITAL
1580 Ordena la palabra: ALIGAXA,GALAXIA
1581 Ordena la palabra: ENRTENTI,INTERNET
1582 Ordena la palabra: ALNAPTLA,PANTALLA
1583 Ordena la palabra: ICORUMRE,MERCURIO
1584 Ordena la palabra: IVDATRLNOE,VENTILADOR
1585 Ordena la palabra: LTCODEA,TECLADO
1586 Ordena la palabra: SIOCROTIRE,ESCRITORIO
1587 Ordena la palabra: NADJRI,JARDIN
1588 Ordena la palabra: NOCROFOMI,MICROFONO
1589 Ordena la palabra: DNOOEGHIR,HIDROGENO
1590 Ordena la palabra: UORMRICE,MERCURIO
1591 Ordena la palabra: AERRTRCEA,CARRETERA
1592 Ordena la palabra: RCEALAES,ESCALERA
1593 Ordena la palabra: AOEDCLT,TECLADO
1594 Ordena la palabra: CROOERTISI,ESCRITORIO
1595 Ordena la palabra: NOGPARRMCIOA,PROGRAMACION
1596 Ordena la palabra: GNOIEOX,OXIGENO
1597 Ordena la palabra: AACITMESMAT,MATEMATICAS
1598 Ordena la palabra: EAITSSM,SISTEMA
1599 Ordena la palabra: AATALNPL,PANTALLA
1600 Ordena la palabra: ALACRSEE,ESCALERA
1601 Ordena la palabra: ALLAANPT,PANTALLA
1602 Ordena la palabra: RETIVANOLD,VENTILADOR
1603 Ordena la palabra: GRHNODOEI,HIDROGENO
1604 Ordena la palabra: HONEDOIGR,HIDROGENO
1605 Ordena la palabra: EROMCUIR,MERCURIO
1606 Ordena la palabra: LRRALSDEOO,DESARROLLO
1607 Ordena la palabra: IXAAALG,GALAXIA
1608 Ordena la palabra: BEILCTOIBA,BIBLIOTECA
1609 Ordena la palabra: GOIOABIL,BIOLOGIA
1610 Ordena la palabra: LBCITEOAIB,BIBLIOTECA
1611 Ordena la palabra: ADPCOOURTMA,COMPUTADORA
1612 Ordena la palabra: PTNALLAA,PANTALLA
1613 Ordena la palabra: LOCDEAT,TECLADO
1614 Ordena la palabra: RCATREEAR,CARRETERA
1615 Ordena la palabra: RORDALOSEL,DESARROLLO
1616 Ordena la palabra: AALDMAOH,ALMOHADA
1617 Ordena la palabra: ROTNAIMSAO,ASTRONOMIA
1618 Ordena la palabra: MSITNOROAA,ASTRONOMIA
1619 Ordena la palabra: OHTPILSA,HOSPITAL
1620 Ordena la palabra: OLOELRRSDA,DESARROLLO
1621 Ordena la palabra: LEORODRALS,DESARROLLO
1622 Ordena la palabra: DOLEOARLSR,DESARROLLO
1623 Ordena la palabra: LOTOENEF,TELEFONO
1624 Ordena la palabra: MIASSET,SISTEMA
1625 Ordena la palabra: PELTAAN,PLANETA
1626 Ordena la palabra: ONIXEOG,OXIGENO
1627 Ordena la palabra: NTTIRENE,INTERNET
1628 Ordena la palabra: RAILOTDEVN,VENTILADOR
1629 Ordena la palabra: GAALAXI,GALAXIA
1630 Ordena la palabra: NUORSEVI,UNIVERSO
1631 Ordena la palabra: ACISIF,FISICA
1632 Ordena la palabra: POHILSTA,HOSPITAL
1633 Ordena la palabra: ICRROEITSO,ESCRITORIO
1634 Ordena la palabra: IALAXAG,GALAXIA
1635 Ordena la palabra: CSIIAF,FISICA
1636 Ordena la palabra: NITEAMAERRH,HERRAMIENTA
1637 Ordena la palabra: LADOCTE,TECLADO
1638 Ordena la palabra: EONORHGDI,HIDROGENO
1639 Ordena la palabra: OOETEFLN,TELEFONO
1640 Ordena la palabra: TLDOCEA,TECLADO
1641 Ordena la palabra: ACESEARL,ESCALERA
1642 Ordena la palabra: AICSTAAEMMT,MATEMATICAS
1643 Ordena la palabra: ASAIOMONTR,ASTRONOMIA
1644 Ordena la palabra: OSIRVNEU,UNIVERSO
1645 Ordena la palabra: IGAOFROAFT,FOTOGRAFIA
1646 Ordena la palabra: XGIOENO,OXIGENO
1647 Ordena la palabra: ASICFI,FISICA
1648 Ordena la palabra: IIROORESTC,ESCRITORIO
1649 Ordena la palabra: COINOFORM,MICROFONO
1650 Ordena la palabra: ANVDTLEOIR,VENTILADOR
1651 Ordena la palabra: NITRENET,INTERNET
1652 Ordena la palabra: NLAAPTLA,PANTALLA
1653 Ordena la palabra: ASMACETTMIA,MATEMATICAS
1654 Ordena la palabra: OONMICORF,MICROFONO
1655 Ordena la palabra: OAFFGTAIOR,FOTOGRAFIA
1656 Ordena la palabra: STSAEMI,SISTEMA
1657 Ordena la palabra: ENRTTNEI,INTERNET
1658 Ordena la palabra: IUQIMAC,QUIMICA
1659 Ordena la palabra: OOTIRRCSIE,ESCRITORIO
1660 Ordena la palabra: OBROSERM,SOMBRERO
1661 Ordena la palabra: SMOOBRER,SOMBRERO
1662 Ordena la palabra: GEONIOX,OXIGENO
1663 Ordena la palabra: OATMUROPACD,COMPUTADORA
1664 Ordena la palabra: ILATPOSH,HOSPITAL
1665 Ordena la palabra: ISEVUONR,UNIVERSO
1666 Ordena la palabra: AMHALDAO,ALMOHADA
1667 Ordena la palabra: GDNOEROHI,HIDROGENO
1668 Ordena la palabra: AANOMTRSOI,ASTRONOMIA
1669 Ordena la palabra: OOUTACMARDP,COMPUTADORA
1670 Ordena la palabra: MRROIEUC,MERCURIO
1671 Ordena la palabra: RIOONCOFM,MICROFONO
1672 Ordena la palabra: PLHITOAS,HOSPITAL
1673 Ordena la palabra: AOCDELT,TECLADO
1674 Ordena la palabra: RCTDAMAOPOU,COMPUTADORA
1675 Ordena la palabra: GXOEOIN,OXIGENO
1676 Ordena la palabra: PRINCROOMAAG,PROGRAMACION
1677 Ordena la palabra: NJIRDA,JARDIN
1678 Ordena la palabra: AXAGILA,GALAXIA
1679 Ordena la palabra: VEIUONRS,UNIVERSO
1680 Ordena la palabra: ONMIOCRFO,MICROFONO
1681 Ordena la palabra: AXLAIGA,GALAXIA
1682 Ordena la palabra: AMRRNIAOCPGO,PROGRAMACION
1683 Ordena la palabra: EVNRUISO,UNIVERSO
1684 Ordena la palabra: OOALLDSERR,DESARROLLO
1685 Ordena la palabra: ATALPLAN,PANTALLA
1686 Ordena la palabra: IRTOSOEIRC,ESCRITORIO
1687 Ordena la palabra: MCNOIFOOR,MICROFONO
1688 Ordena la palabra: OACBNR,CARBON
1689 Ordena la palabra: OHTSPLAI,HOSPITAL
1690 Ordena la palabra: BEMOORSR,SOMBRERO
1691 Ordena la palabra: ISROTEROIC,ESCRITORIO
1692 Ordena la palabra: IMESATS,SISTEMA
1693 Ordena la palabra: OAGOILBI,BIOLOGIA
1694 Ordena la palabra: RAOSLEODRL,DESARROLLO
1695 Ordena la palabra: CRMUIORE,MERCURIO
1696 Ordena la palabra: GAXAAIL,GALAXIA
1697 Ordena la palabra: ISIAFC,FISICA
1698 Ordena la palabra: OALGOIEG,GEOLOGIA
1699 Ordena la palabra: ORSRETCIIO,ESCRITORIO
1700 Ordena la palabra: OGONDHERI,HIDROGENO
1701 Ordena la palabra: IBEOCIATBL,BIBLIOTECA
1702 Ordena la palabra: AINRJD,JARDIN
1703 Ordena la palabra: PAORIANORMGC,PROGRAMACION
1704 Ordena la palabra: IADNRJ,JARDIN
1705 Ordena la palabra: ALDOHAMA,ALMOHADA
1706 Ordena la palabra: RETIOISRCO,ESCRITORIO
1707 Ordena la palabra: TCEROROSII,ESCRITORIO
1708 Ordena la palabra: AHALMODA,ALMOHADA
1709 Ordena la palabra: REATRRECA,CARRETERA
1710 Ordena la palabra: DEARVNOTIL,VENTILADOR
1711 Ordena la palabra: PLOISAHT,HOSPITAL
1712 Ordena la palabra: CQMIUAI,QUIMICA
1713 Ordena la palabra: DELAOTC,TECLADO
1714 Ordena la palabra: OIOAELGG,GEOLOGIA
1715 Ordena la palabra: NITRNEET,INTERNET
1716 Ordena la palabra: RCARETRAE,CARRETERA
1717 Ordena la palabra: RTOICROESI,ESCRITORIO
1718 Ordena la palabra: IRANOASTOM,ASTRONOMIA
1719 Ordena la palabra: ARCOGNIOMPRA,PROGRAMACION
1720 Ordena la palabra: OOSEBRMR,SOMBRERO
1721 Ordena la palabra: CMAUQII,QUIMICA
1722 Ordena la palabra: INDOGOHER,HIDROGENO
1723 Ordena la palabra: ODECLAT,TECLADO
1724 Ordena la palabra: IOMRRCEU,MERCURIO
1725 Ordena la palabra: OPNGCIAROMRA,PROGRAMACION
1726 Ordena la palabra: RNJADI,JARDIN
1727 Ordena la palabra: RMAOINPCGORA,PROGRAMACION
1728 Ordena la palabra: OBACNR,CARBON
1729 Ordena la palabra: VOLITNREDA,VENTILADOR
1730 Ordena la palabra: AGALXAI,GALAXIA
1731 Ordena la palabra: OTGOAIAFRF,FOTOGRAFIA
1732 Ordena la palabra: OIMRREUC,MERCURIO
1733 Ordena la palabra: OUVRSNIE,UNIVERSO
1734 Ordena la palabra: ERSALLDROO,DESARROLLO
1735 Ordena la palabra: ERECATRRA,CARRETERA
1736 Ordena la palabra: OCOMAIARGNPR,PROGRAMACION
1737 Ordena la palabra: LLAPNATA,PANTALLA
1738 Ordena la palabra: IIBCEAOLBT,BIBLIOTECA
1739 Ordena la palabra: IROOFNMOC,MICROFONO
1740 Ordena la palabra: GGLOIEAO,GEOLOGIA
1741 Ordena la palabra: TMUAOCPDARO,COMPUTADORA
1742 Ordena la palabra: ARETREIHANM,HERRAMIENTA
1743 Ordena la palabra: OBGLIOAI,BIOLOGIA
1744 Ordena la palabra: OEDALCT,TECLADO
1745 Ordena la palabra: EARRRAETC,CARRETERA
1746 Ordena la palabra: PACTMRUOODA,COMPUTADORA
1747 Ordena la palabra: ISORRICTEO,ESCRITORIO
1748 Ordena la palabra: AQIICMU,QUIMICA
1749 Ordena la palabra: BOLGAIOI,BIOLOGIA
1750 Ordena la palabra: RCAOBN,CARBON
1751 Ordena la palabra: AREAECRTR,CARRETERA
1752 Ordena la palabra: IJNADR,JARDIN
1753 Ordena la palabra: ECRRATREA,CARRETERA
1754 Ordena la palabra: EVIUSORN,UNIVERSO
1755 Ordena la palabra: IAEMSAMTTAC,MATEMATICAS
1756 Ordena la palabra: REINNTTE,INTERNET
1757 Ordena la palabra: TLECDAO,TECLADO
1758 Ordena la palabra: IFCSIA,FISICA
1759 Ordena la palabra: AMTEAINHRER,HERRAMIENTA
1760 Ordena la palabra: ANJRID,JARDIN
1761 Ordena la palabra: RCIFOMNOO,MICROFONO
1762 Ordena la palabra: NIODERGOH,HIDROGENO
1763 Ordena la palabra: OEORRBMS,SOMBRERO
1764 Ordena la palabra: DRANJI,JARDIN
1765 Ordena la palabra: EITASSM,SISTEMA
1766 Ordena la palabra: TAOBCILIBE,BIBLIOTECA
1767 Ordena la palabra: OAAADLHM,ALMOHADA
1768 Ordena la palabra: ERCERAATR,CARRETERA
1769 Ordena la palabra: AFTGORAOFI,FOTOGRAFIA
1770 Ordena la palabra: CBAONR,CARBON
1771 Ordena la palabra: PTLAEAN,PLANETA
1772 Ordena la palabra: ODLETCA,TECLADO
1773 Ordena la palabra: RDJAIN,JARDIN
1774 Ordena la palabra: RLDSERALOO,DESARROLLO
1775 Ordena la palabra: EIUMRORC,MERCURIO
1776 Ordena la palabra: TAERERCAR,CARRETERA
1777 Ordena la palabra: REARERCAT,CARRETERA
1778 Ordena la palabra: ENTNREIT,INTERNET
1779 Ordena la palabra: MAATRHINREE,HERRAMIENTA
1780 Ordena la palabra: GOOLBIIA,BIOLOGIA
1781 Ordena la palabra: DOGINREOH,HIDROGENO
1782 Ordena la palabra: DRSLOLOERA,DESARROLLO
1783 Ordena la palabra: ASONOAMTRI,ASTRONOMIA
1784 Ordena la palabra: AHTOLPSI,HOSPITAL
1785 Ordena la palabra: CMQIIAU,QUIMICA
1786 Ordena la palabra: RADOTCUPAOM,COMPUTADORA
1787 Ordena la palabra: OFRFITAGOA,FOTOGRAFIA
1788 Ordena la palabra: AOFGORAIFT,FOTOGRAFIA
1789 Ordena la palabra: CATSATAEIMM,MATEMATICAS
1790 Ordena la palabra: GOXOEIN,OXIGENO
1791 Ordena la palabra: OROONICMF,MICROFONO
1792 Ordena la palabra: IRUOSVEN,UNIVERSO
1793 Ordena la palabra: VISROENU,UNIVERSO
1794 Ordena la palabra: OGIALIBO,BIOLOGIA
1795 Ordena la palabra: SMETASI,SISTEMA
1796 Ordena la palabra: ADNRJI,JARDIN
1797 Ordena la palabra: RDANIJ,JARDIN
1798 Ordena la palabra: RIJDAN,JARDIN
1799 Ordena la palabra: REOOBSRM,SOMBRERO
1800 Ordena la palabra: LDHMAAAO,ALMOHADA
1801 Ordena la palabra: ALSCEERA,ESCALERA
1802 Ordena la palabra: IOGPOAMRRANC,PROGRAMACION
1803 Ordena la palabra: IOFORCONM,MICROFONO
1804 Ordena la palabra: GNIODERHO,HIDROGENO
1805 Ordena la palabra: ACTEMAMASTI,MATEMATICAS
1806 Ordena la palabra: NIAMTREREHA,HERRAMIENTA
1807 Ordena la palabra: IAATRNEHMRE,HERRAMIENTA
1808 Ordena la palabra: IRSOAANOTM,ASTRONOMIA
1809 Ordena la palabra: OTRLVNEDIA,VENTILADOR
1810 Ordena la palabra: HADLMOAA,ALMOHADA
1811 Ordena la palabra: LABOCBITIE,BIBLIOTECA
1812 Ordena la palabra: NTARSAIOMO,ASTRONOMIA
1813 Ordena la palabra: ISTASEM,SISTEMA
1814 Ordena la palabra: FEOETLNO,TELEFONO
1815 Ordena la palabra: CAEEARRRT,CARRETERA
1816 Ordena la palabra: ONIXGEO,OXIGENO
1817 Ordena la palabra: ITSOOAANMR,ASTRONOMIA
1818 Ordena la palabra: UQCIAMI,QUIMICA
1819 Ordena la palabra: PIATOSLH,HOSPITAL
1820 Ordena la palabra: RCIEUORM,MERCURIO
1821 Ordena la palabra: OINCAGMRARPO,PROGRAMACION
1822 Ordena la palabra: SAIIFC,FISICA
1823 Ordena la palabra: IGXALAA,GALAXIA
1824 Ordena la palabra: DHALAAMO,ALMOHADA
1825 Ordena la palabra: DIELTONVRA,VENTILADOR
1826 Ordena la palabra: IOASTHLP,HOSPITAL
1827 Ordena la palabra: TFOOLEEN,TELEFONO
1828 Ordena la palabra: CIFAIS,FISICA
1829 Ordena la palabra: RCOEIURM,MERCURIO
1830 Ordena la palabra: JNIARD,JARDIN
1831 Ordena la palabra: DOTOPUARMAC,COMPUTADORA
1832 Ordena la palabra: ONGEXIO,OXIGENO
1833 Ordena la palabra: OMAAOIRNGCRP,PROGRAMACION
1834 Ordena la palabra: OAILTSHP,HOSPITAL
1835 Ordena la palabra: OCMNIOORF,MICROFONO
1836 Ordena la palabra: AOMAALDH,ALMOHADA
1837 Ordena la palabra: ACFISI,FISICA
1838 Ordena la palabra: ETLIBOIABC,BIBLIOTECA
1839 Ordena la palabra: ALCOTIEBIB,BIBLIOTECA
1840 Ordena la palabra: IESOCTRIOR,ESCRITORIO
1841 Ordena la palabra: AXAALIG,GALAXIA
1842 Ordena la palabra: IGLAAXA,GALAXIA
1843 Ordena la palabra: OCNRAB,CARBON
1844 Ordena la palabra: RSAOONITAM,ASTRONOMIA
1845 Ordena la palabra: TMAAEMITACS,MATEMATICAS
1846 Ordena la palabra: TATSMAMAECI,MATEMATICAS
1847 Ordena la palabra: DESORAOLLR,DESARROLLO
1848 Ordena la palabra: SMOEBROR,SOMBRERO
1849 Ordena la palabra: ACLAESRE,ESCALERA
1850 Ordena la palabra: NLAPLAAT,PANTALLA
1851 Ordena la palabra: IGALAAX,GALAXIA
1852 Ordena la palabra: ASLORRLODE,DESARROLLO
1853 Ordena la palabra: RAEHAENRTIM,HERRAMIENTA
1854 Ordena la palabra: IBIOOGLA,BIOLOGIA
1855 Ordena la palabra: SIAFCI,FISICA
1856 Ordena la palabra: IIQACUM,QUIMICA
1857 Ordena la palabra: DROOLEALRS,DESARROLLO
1858 Ordena la palabra: SOAOMATINR,ASTRONOMIA
1859 Ordena la palabra: AQMIUCI,QUIMICA
1860 Ordena la palabra: TTNEENRI,INTERNET
1861 Ordena la palabra: SEROUIVN,UNIVERSO
1862 Ordena la palabra: GAAXALI,GALAXIA
1863 Ordena la palabra: LGAAXAI,GALAXIA
1864 Ordena la palabra: ARNCBO,CARBON
1865 Ordena la palabra: REIUROMC,MERCURIO
1866 Ordena la palabra: RMARHNTEEAI,HERRAMIENTA
1867 Ordena la palabra: AISCTEMTMAA,MATEMATICAS
1868 Ordena la palabra: TOAHPLIS,HOSPITAL
1869 Ordena la palabra: TOOEENLF,TELEFONO
1870 Ordena la palabra: AMARTPCDOUO,COMPUTADORA
1871 Ordena la palabra: LBOTCAIBEI,BIBLIOTECA
1872 Ordena la palabra: DAVEOIRLNT,VENTILADOR
1873 Ordena la palabra: XGAALIA,GALAXIA
1874 Ordena la palabra: NNIERETT,INTERNET
1875 Ordena la palabra: SAFICI,FISICA
1876 Ordena la palabra: PEANLTA,PLANETA
1877 Ordena la palabra: TRNHAEEMIRA,HERRAMIENTA
1878 Ordena la palabra: STLHPOAI,HOSPITAL
1879 Ordena la palabra: SOIREVUN,UNIVERSO
1880 Ordena la palabra: ONEIGOX,OXIGENO
1881 Ordena la palabra: OCRRAIANMOGP,PROGRAMACION
1882 Ordena la palabra: DNJRIA,JARDIN
1883 Ordena la palabra: MFORONCOI,MICROFONO
1884 Ordena la palabra: NUEVSRIO,UNIVERSO
1885 Ordena la palabra: ROIDTAELVN,VENTILADOR
1886 Ordena la palabra: ESMAAITTACM,MATEMATICAS
1887 Ordena la palabra: LTOFENOE,TELEFONO
1888 Ordena la palabra: SMOATOIRNA,ASTRONOMIA
1889 Ordena la palabra: IQMAICU,QUIMICA
1890 Ordena la palabra: IACFSI,FISICA
1891 Ordena la palabra: ECIROUMR,MERCURIO
1892 Ordena la palabra: RAARTEECR,CARRETERA
1893 Ordena la palabra: ANALATPL,PANTALLA
1894 Ordena la palabra: OACDTLE,TECLADO
1895 Ordena la palabra: RRTAEAECR,CARRETERA
1896 Ordena la palabra: PAOHISTL,HOSPITAL
1897 Ordena la palabra: IACTTAMESMA,MATEMATICAS
1898 Ordena la palabra: IPOMCNOAAGRR,PROGRAMACION
1899 Ordena la palabra: CRABON,CARBON
1900 Ordena la palabra: COTABBLIEI,BIBLIOTECA
1901 Ordena la palabra: VREOITADLN,VENTILADOR
1902 Ordena la palabra: SOBMEROR,SOMBRERO
1903 Ordena la palabra: ALEOIDRNVT,VENTILADOR
1904 Ordena la palabra: OADAMHLA,ALMOHADA
1905 Ordena la palabra: PHOTISAL,HOSPITAL
1906 Ordena la palabra: BROMSERO,SOMBRERO
1907 Ordena la palabra: EDGOIHORN,HIDROGENO
1908 Ordena la palabra: TCIIOORSER,ESCRITORIO
1909 Ordena la palabra: OSLRDLEARO,DESARROLLO
1910 Ordena la palabra: ATRFFOAOGI,FOTOGRAFIA
1911 Ordena la palabra: JRIAND,JARDIN
1912 Ordena la palabra: XLAAIAG,GALAXIA
1913 Ordena la palabra: ETRRARACE,CARRETERA
1914 Ordena la palabra: SFCAII,FISICA
1915 Ordena la palabra: ROMOSBRE,SOMBRERO
1916 Ordena la palabra: TARMASNOOI,ASTRONOMIA
1917 Ordena la palabra: RIENHMEARTA,HERRAMIENTA
1918 Ordena la palabra: AMHAADOL,ALMOHADA
1919 Ordena la palabra: AIIQCUM,QUIMICA
1920 Ordena la palabra: SIACFI,FISICA
1921 Ordena la palabra: EARHMEIANRT,HERRAMIENTA
1922 Ordena la palabra: HATOLSPI,HOSPITAL
1923 Ordena la palabra: TOAPHISL,HOSPITAL
1924 Ordena la palabra: NATIMRSOAO,ASTRONOMIA
1925 Ordena la palabra: TSISMAE,SISTEMA
1926 Ordena la palabra: OTENFLEO,TELEFONO
1927 Ordena la palabra: TTREENNI,INTERNET
1928 Ordena la palabra: SALTIHPO,HOSPITAL
1929 Ordena la palabra: OBECTBIALI,BIBLIOTECA
1930 Ordena la palabra: DETVROINAL,VENTILADOR
1931 Ordena la palabra: NIETETRN,INTERNET
1932 Ordena la palabra: FIAGARTOFO,FOTOGRAFIA
1933 Ordena la palabra: ANLTEAP,PLANETA
1934 Ordena la palabra: LALAPANT,PANTALLA
1935 Ordena la palabra: METSASI,SISTEMA
1936 Ordena la palabra: ENRTTEIN,INTERNET
1937 Ordena la palabra: TEACOLD,TECLADO
1938 Ordena la palabra: IDANRLVEOT,VENTILADOR
1939 Ordena la palabra: RNADJI,JARDIN
1940 Ordena la palabra: ELANATP,PLANETA
1941 Ordena la palabra: AALGAXI,GALAXIA
1942 Ordena la palabra: UICMQIA,QUIMICA
1943 Ordena la palabra: AVLNOTRDIE,VENTILADOR
1944 Ordena la palabra: INARDJ,JARDIN
1945 Ordena la palabra: IOGDRNEOH,HIDROGENO
1946 Ordena la palabra: IBLIGAOO,BIOLOGIA
1947 Ordena la palabra: AXAAGLI,GALAXIA
1948 Ordena la palabra: BLBICTEIAO,BIBLIOTECA
1949 Ordena la palabra: LAIXAAG,GALAXIA
1950 Ordena la palabra: RJAIDN,JARDIN
1951 Ordena la palabra: CDOORUAPTAM,COMPUTADORA
1952 Ordena la palabra: LOABIIGO,BIOLOGIA
1953 Ordena la palabra: MORBEOSR,SOMBRERO
1954 Ordena la palabra: IOALSPTH,HOSPITAL
1955 Ordena la palabra: BOEAIIBCTL,BIBLIOTECA
1956 Ordena la palabra: MSISEAT,SISTEMA
1957 Ordena la palabra: EMRICURO,MERCURIO
1958 Ordena la palabra: IOAOLBGI,BIOLOGIA
1959 Ordena la palabra: OUSVRNEI,UNIVERSO
1960 Ordena la palabra: ORNIOAAMGRPC,PROGRAMACION
1961 Ordena la palabra: OOGBLAII,BIOLOGIA
1962 Ordena la palabra: AOCARTDOPUM,COMPUTADORA
1963 Ordena la palabra: LHSIOPAT,HOSPITAL
1964 Ordena la palabra: NRBAOC,CARBON
1965 Ordena la palabra: CBRANO,CARBON
1966 Ordena la palabra: UCAPTDOOARM,COMPUTADORA
1967 Ordena la palabra: MOATRONASI,ASTRONOMIA
1968 Ordena la palabra: RIUEOVSN,UNIVERSO
1969 Ordena la palabra: AATOOGIFRF,FOTOGRAFIA
1970 Ordena la palabra: EOSURIVN,UNIVERSO
1971 Ordena la palabra: RAGNRAPCOIMO,PROGRAMACION
1972 Ordena la palabra: PAANATLL,PANTALLA
1973 Ordena la palabra: EORSCRIOIT,ESCRITORIO
1974 Ordena la palabra: AAXGAIL,GALAXIA
1975 Ordena la palabra: OODRGHNIE,HIDROGENO
1976 Ordena la palabra: NOMOCRFIO,MICROFONO
1977 Ordena la palabra: NDLIATVORE,VENTILADOR
1978 Ordena la palabra: AEITMAHNERR,HERRAMIENTA
1979 Ordena la palabra: LIBOIOGA,BIOLOGIA
1980 Ordena la palabra: ISACFI,FISICA
1981 Ordena la palabra: IMTTSAAMEAC,MATEMATICAS
1982 Ordena la palabra: OCBRNA,CARBON
1983 Ordena la palabra: LIDTEOARVN,VENTILADOR
1984 Ordena la palabra: CIAIFS,FISICA
1985 Ordena la palabra: ABILTBECOI,BIBLIOTECA
1986 Ordena la palabra: ONOOCRFIM,MICROFONO
1987 Ordena la palabra: TTEERINN,INTERNET
1988 Ordena la palabra: TARREEAMNIH,HERRAMIENTA
1989 Ordena la palabra: ETARCRARE,CARRETERA
1990 Ordena la palabra: GIXNOOE,OXIGENO
1991 Ordena la palabra: SVIUNORE,UNIVERSO
1992 Ordena la palabra: OLOEFNET,TELEFONO
1993 Ordena la palabra: ACIMQUI,QUIMICA
1994 Ordena la palabra: XEIOONG,OXIGENO
1995 Ordena la palabra: ERNTINTE,INTERNET
1996 Ordena la palabra: DROLSRLEAO,DESARROLLO
1997 Ordena la palabra: SOBMREOR,SOMBRERO
1998 Ordena la palabra: ACTMATISMEA,MATEMATICAS
1999 Ordena la palabra: TSSIMAE,SISTEMA
2000 Ordena la palabra: ETANRHMEIRA,HERRAMIENTA
