1 🎬🎬🎬,La Profecia Profunda
2 🎭💥🦈,La Sombra Infinita
3 🎟️🧙‍♂️🏔️,La Oraculo Perdida
4 📽️🚢🎥,La Mision Misteriosa
5 🎞️🏝️🤖,La Sombra Salvaje
6 🎥🎭🎩,La Odisea Lejana
7 🌟🧩🦁,La Oraculo Oscura
8 💥🧚‍♀️⚔️,La Ruta Brillante
9 🧩🏹🎟️,La Isla Lejana
10 🎯🌌🧚‍♀️,La Puerta Eterna
11 🦁🎟️🏝️,La Promesa Radiante
12 🐼🎯💥,La Busqueda Serena
13 🦖🕵️‍♂️🏎️,La Frontera Roja
14 🦈⚔️🪄,La Promesa Oscura
15 🧙‍♂️🔮🦖,La Aventura Invisible
16 🧚‍♀️📽️🗺️,La Camino Sagrada
17 🕵️‍♂️🦁🎞️,La Profecia Sombria
18 👽👽👽,La Ruta Profunda
19 🤖🛡️🔮,La Odisea Invisible
20 🚀🎩🎯,La Mision Azul
21 🏎️🎞️🏹,La Mision Invisible
22 🚢🐼🎭,La Montana Eterna
23 🏹🤖🧙‍♂️,La Tormenta Azul
24 ⚔️🗺️🌋,La Busqueda Encantada
25 🛡️👑🌟,La Leyenda Encantada
26 🗺️🎥🚀,La Leyenda Imposible
27 🏔️🦖👑,La Frontera Encantada
28 🌋🚀🐼,La Cancion Invisible
29 🏝️🏔️🛡️,La Leyenda Eterna
30 🌌🪄📽️,La Frontera Misteriosa
31 🔮🌟🕵️‍♂️,La Sombra Eterna
32 🎩🦈🌌,La Historia Perdida
33 👑🏎️🧩,La Mision Eterna
34 🪄🌋🚢,La Aventura Secreta
35 🎬🎬🎬,La Tormenta Eterna
36 🎭💥🦈,La Oraculo Invisible
37 🎟️🧙‍♂️🏔️,La Ciudad Encantada
38 📽️🚢🎥,La Camino Perdida
39 🎞️🏝️🤖,La Busqueda Oculta
40 🎥🎭🎩,La Busqueda Profunda
41 🌟🧩🦁,La Camino Valiente
42 💥🧚‍♀️⚔️,La Frontera Azul
43 🧩🏹🎟️,La Frontera Sagrada
44 🎯🌌🧚‍♀️,La Frontera Remota
45 🦁🎟️🏝️,La Luz Roja
46 🐼🎯💥,La Camino Fantastica
47 🦖🕵️‍♂️🏎️,La Oraculo Oscura
48 🦈⚔️🪄,La Travesia Secreta
49 🧙‍♂️🔮🦖,La Montana Azul
50 🧚‍♀️📽️🗺️,La Mirada Eterna
51 🕵️‍♂️🦁🎞️,La Ciudad Epica
52 👽👽👽,La Selva Salvaje
53 🤖🛡️🔮,La Frontera Invisible
54 🚀🎩🎯,La Destino Roja
55 🏎️🎞️🏹,La Pacto Imposible
56 🚢🐼🎭,La Camino Encantada
57 🏹🤖🧙‍♂️,La Oraculo Serena
58 ⚔️🗺️🌋,La Memoria Roja
59 🛡️👑🌟,La Puerta Imposible
60 🗺️🎥🚀,La Leyenda Oscura
61 🏔️🦖👑,La Sombra Infinita
62 🌋🚀🐼,La Frontera Silenciosa
63 🏝️🏔️🛡️,La Mirada Profunda
64 🌌🪄📽️,La Oraculo Lejana
65 🔮🌟🕵️‍♂️,La Ciudad Misteriosa
66 🎩🦈🌌,La Odisea Secreta
67 👑🏎️🧩,La Destino Oculta
68 🪄🌋🚢,La Tormenta Epica
69 🎬🎬🎬,La Busqueda Secreta
70 🎭💥🦈,La Frontera Lejana
71 🎟️🧙‍♂️🏔️,La Puerta Lejana
72 📽️🚢🎥,La Luz Infinita
73 🎞️🏝️🤖,La Selva Serena
74 🎥🎭🎩,La Promesa Roja
75 🌟🧩🦁,La Horizonte Salvaje
76 💥🧚‍♀️⚔️,La Leyenda Silenciosa
77 🧩🏹🎟️,La Travesia Invisible
78 🎯🌌🧚‍♀️,La Busqueda Eterna
79 🦁🎟️🏝️,La Ciudad Brillante
80 🐼🎯💥,La Puerta Oscura
81 🦖🕵️‍♂️🏎️,La Luz Eterna
82 🦈⚔️🪄,La Tormenta Oscura
83 🧙‍♂️🔮🦖,La Busqueda Fantastica
84 🧚‍♀️📽️🗺️,La Luz Dorada
85 🕵️‍♂️🦁🎞️,La Cancion Oculta
86 👽👽👽,La Aventura Encantada
87 🤖🛡️🔮,La Mirada Imposible
88 🚀🎩🎯,La Selva Sagrada
89 🏎️🎞️🏹,La Ciudad Radiante
90 🚢🐼🎭,La Destino Dorada
91 🏹🤖🧙‍♂️,La Historia Profunda
92 ⚔️🗺️🌋,La Profecia Dorada
93 🛡️👑🌟,La Sombra Lejana
94 🗺️🎥🚀,La Historia Azul
95 🏔️🦖👑,La Sombra Lejana
96 🌋🚀🐼,La Tormenta Brillante
97 🏝️🏔️🛡️,La Oraculo Perdida
98 🌌🪄📽️,La Mirada Perdida
99 🔮🌟🕵️‍♂️,La Promesa Azul
100 🎩🦈🌌,La Travesia Salvaje
101 👑🏎️🧩,La Cancion Profunda
102 🪄🌋🚢,La Travesia Dorada
103 🎬🎬🎬,La Montana Oculta
104 🎭💥🦈,La Destino Oscura
105 🎟️🧙‍♂️🏔️,La Isla Misteriosa
106 📽️🚢🎥,La Odisea Eterna
107 🎞️🏝️🤖,La Sombra Oculta
108 🎥🎭🎩,La Puerta Silenciosa
109 🌟🧩🦁,La Profecia Infinita
110 💥🧚‍♀️⚔️,La Busqueda Sagrada
111 🧩🏹🎟️,La Isla Azul
112 🎯🌌🧚‍♀️,La Selva Dorada
113 🦁🎟️🏝️,La Puerta Perdida
114 🐼🎯💥,La Montana Perdida
115 🦖🕵️‍♂️🏎️,La Horizonte Sagrada
116 🦈⚔️🪄,La Ciudad Sagrada
117 🧙‍♂️🔮🦖,La Aventura Secreta
118 🧚‍♀️📽️🗺️,La Memoria Brillante
119 🕵️‍♂️🦁🎞️,La Aventura Remota
120 👽👽👽,La Ciudad Brillante
121 🤖🛡️🔮,La Oraculo Radiante
122 🚀🎩🎯,La Mision Misteriosa
123 🏎️🎞️🏹,La Puerta Oculta
124 🚢🐼🎭,La Leyenda Fantastica
125 🏹🤖🧙‍♂️,La Profecia Epica
126 ⚔️🗺️🌋,La Luz Radiante
127 🛡️👑🌟,La Sombra Dorada
128 🗺️🎥🚀,La Profecia Invisible
129 🏔️🦖👑,La Oraculo Fantastica
130 🌋🚀🐼,La Destino Salvaje
131 🏝️🏔️🛡️,La Tormenta Profunda
132 🌌🪄📽️,La Horizonte Serena
133 🔮🌟🕵️‍♂️,La Camino Brillante
134 🎩🦈🌌,La Profecia Sombria
135 👑🏎️🧩,La Puerta Roja
136 🪄🌋🚢,La Busqueda Secreta
137 🎬🎬🎬,La Cancion Dorada
138 🎭💥🦈,La Odisea Encantada
139 🎟️🧙‍♂️🏔️,La Ciudad Salvaje
140 📽️🚢🎥,La Horizonte Profunda
141 🎞️🏝️🤖,La Isla Roja
142 🎥🎭🎩,La Ciudad Perdida
143 🌟🧩🦁,La Cancion Misteriosa
144 💥🧚‍♀️⚔️,La Mirada Epica
145 🧩🏹🎟️,La Sombra Invisible
146 🎯🌌🧚‍♀️,La Promesa Radiante
147 🦁🎟️🏝️,La Aventura Invisible
148 🐼🎯💥,La Aventura Remota
149 🦖🕵️‍♂️🏎️,La Odisea Misteriosa
150 🦈⚔️🪄,La Aventura Oscura
151 🧙‍♂️🔮🦖,La Montana Eterna
152 🧚‍♀️📽️🗺️,La Leyenda Imposible
153 🕵️‍♂️🦁🎞️,La Sombra Eterna
154 👽👽👽,La Ruta Fantastica
155 🤖🛡️🔮,La Promesa Eterna
156 🚀🎩🎯,La Horizonte Brillante
157 🏎️🎞️🏹,La Ruta Invisible
158 🚢🐼🎭,La Cancion Azul
159 🏹🤖🧙‍♂️,La Mirada Epica
160 ⚔️🗺️🌋,La Tormenta Sombria
161 🛡️👑🌟,La Mirada Invisible
162 🗺️🎥🚀,La Aventura Radiante
163 🏔️🦖👑,La Tormenta Secreta
164 🌋🚀🐼,La Odisea Oscura
165 🏝️🏔️🛡️,La Destino Silenciosa
166 🌌🪄📽️,La Travesia Oculta
167 🔮🌟🕵️‍♂️,La Tormenta Brillante
168 🎩🦈🌌,La Busqueda Salvaje
169 👑🏎️🧩,La Selva Invisible
170 🪄🌋🚢,La Aventura Radiante
171 🎬🎬🎬,La Horizonte Radiante
172 🎭💥🦈,La Puerta Imposible
173 🎟️🧙‍♂️🏔️,La Profecia Fantastica
174 📽️🚢🎥,La Luz Invisible
175 🎞️🏝️🤖,La Luz Oscura
176 🎥🎭🎩,La Puerta Roja
177 🌟🧩🦁,La Montana Encantada
178 💥🧚‍♀️⚔️,La Mirada Invisible
179 🧩🏹🎟️,La Ciudad Lejana
180 🎯🌌🧚‍♀️,La Profecia Roja
181 🦁🎟️🏝️,La Ruta Encantada
182 🐼🎯💥,La Historia Oculta
183 🦖🕵️‍♂️🏎️,La Historia Invisible
184 🦈⚔️🪄,La Leyenda Invisible
185 🧙‍♂️🔮🦖,La Ruta Azul
186 🧚‍♀️📽️🗺️,La Aventura Perdida
187 🕵️‍♂️🦁🎞️,La Memoria Profunda
188 👽👽👽,La Travesia Azul
189 🤖🛡️🔮,La Puerta Dorada
190 🚀🎩🎯,La Travesia Epica
191 🏎️🎞️🏹,La Pacto Sagrada
192 🚢🐼🎭,La Frontera Sombria
193 🏹🤖🧙‍♂️,La Montana Oscura
194 ⚔️🗺️🌋,La Memoria Eterna
195 🛡️👑🌟,La Frontera Remota
196 🗺️🎥🚀,La Travesia Profunda
197 🏔️🦖👑,La Mision Serena
198 🌋🚀🐼,La Promesa Brillante
199 🏝️🏔️🛡️,La Busqueda Valiente
200 🌌🪄📽️,La Memoria Azul
201 🔮🌟🕵️‍♂️,La Sombra Profunda
202 🎩🦈🌌,La Profecia Azul
203 👑🏎️🧩,La Busqueda Eterna
204 🪄🌋🚢,La Sombra Oscura
205 🎬🎬🎬,La Pacto Remota
206 🎭💥🦈,La Travesia Sagrada
207 🎟️🧙‍♂️🏔️,La Luz Radiante
208 📽️🚢🎥,La Busqueda Brillante
209 🎞️🏝️🤖,La Sombra Misteriosa
210 🎥🎭🎩,La Aventura Secreta
211 🌟🧩🦁,La Historia Radiante
212 💥🧚‍♀️⚔️,La Mirada Silenciosa
213 🧩🏹🎟️,La Promesa Lejana
214 🎯🌌🧚‍♀️,La Busqueda Radiante
215 🦁🎟️🏝️,La Puerta Epica
216 🐼🎯💥,La Historia Oscura
217 🦖🕵️‍♂️🏎️,La Mision Eterna
218 🦈⚔️🪄,La Mision Profunda
219 🧙‍♂️🔮🦖,La Cancion Sagrada
220 🧚‍♀️📽️🗺️,La Puerta Roja
221 🕵️‍♂️🦁🎞️,La Destino Roja
222 👽👽👽,La Pacto Azul
223 🤖🛡️🔮,La Mision Lejana
224 🚀🎩🎯,La Ruta Sombria
225 🏎️🎞️🏹,La Frontera Sagrada
226 🚢🐼🎭,La Historia Roja
227 🏹🤖🧙‍♂️,La Odisea Sagrada
228 ⚔️🗺️🌋,La Promesa Oculta
229 🛡️👑🌟,La Ciudad Secreta
230 🗺️🎥🚀,La Mision Infinita
231 🏔️🦖👑,La Historia Epica
232 🌋🚀🐼,La Historia Sombria
233 🏝️🏔️🛡️,La Mision Oculta
234 🌌🪄📽️,La Ciudad Sombria
235 🔮🌟🕵️‍♂️,La Tormenta Brillante
236 🎩🦈🌌,La Leyenda Fantastica
237 👑🏎️🧩,La Odisea Eterna
238 🪄🌋🚢,La Profecia Radiante
239 🎬🎬🎬,La Frontera Profunda
240 🎭💥🦈,La Historia Fantastica
241 🎟️🧙‍♂️🏔️,La Leyenda Lejana
242 📽️🚢🎥,La Profecia Radiante
243 🎞️🏝️🤖,La Busqueda Dorada
244 🎥🎭🎩,La Oraculo Fantastica
245 🌟🧩🦁,La Leyenda Sagrada
246 💥🧚‍♀️⚔️,La Puerta Dorada
247 🧩🏹🎟️,La Horizonte Remota
248 🎯🌌🧚‍♀️,La Mirada Misteriosa
249 🦁🎟️🏝️,La Destino Dorada
250 🐼🎯💥,La Odisea Roja
251 🦖🕵️‍♂️🏎️,La Promesa Misteriosa
252 🦈⚔️🪄,La Luz Misteriosa
253 🧙‍♂️🔮🦖,La Frontera Remota
254 🧚‍♀️📽️🗺️,La Pacto Profunda
255 🕵️‍♂️🦁🎞️,La Travesia Azul
256 👽👽👽,La Mision Imposible
257 🤖🛡️🔮,La Travesia Salvaje
258 🚀🎩🎯,La Frontera Imposible
259 🏎️🎞️🏹,La Memoria Valiente
260 🚢🐼🎭,La Camino Remota
261 🏹🤖🧙‍♂️,La Busqueda Azul
262 ⚔️🗺️🌋,La Sombra Valiente
263 🛡️👑🌟,La Profecia Secreta
264 🗺️🎥🚀,La Horizonte Invisible
265 🏔️🦖👑,La Mirada Salvaje
266 🌋🚀🐼,La Ruta Sombria
267 🏝️🏔️🛡️,La Busqueda Remota
268 🌌🪄📽️,La Pacto Oculta
269 🔮🌟🕵️‍♂️,La Frontera Dorada
270 🎩🦈🌌,La Montana Secreta
271 👑🏎️🧩,La Camino Salvaje
272 🪄🌋🚢,La Selva Silenciosa
273 🎬🎬🎬,La Frontera Fantastica
274 🎭💥🦈,La Isla Azul
275 🎟️🧙‍♂️🏔️,La Isla Oscura
276 📽️🚢🎥,La Ciudad Oculta
277 🎞️🏝️🤖,La Selva Perdida
278 🎥🎭🎩,La Sombra Epica
279 🌟🧩🦁,La Travesia Invisible
280 💥🧚‍♀️⚔️,La Camino Oculta
281 🧩🏹🎟️,La Leyenda Perdida
282 🎯🌌🧚‍♀️,La Leyenda Remota
283 🦁🎟️🏝️,La Luz Secreta
284 🐼🎯💥,La Horizonte Radiante
285 🦖🕵️‍♂️🏎️,La Pacto Remota
286 🦈⚔️🪄,La Montana Misteriosa
287 🧙‍♂️🔮🦖,La Tormenta Infinita
288 🧚‍♀️📽️🗺️,La Camino Perdida
289 🕵️‍♂️🦁🎞️,La Selva Perdida
290 👽👽👽,La Destino Valiente
291 🤖🛡️🔮,La Promesa Eterna
292 🚀🎩🎯,La Luz Perdida
293 🏎️🎞️🏹,La Pacto Oscura
294 🚢🐼🎭,La Mirada Lejana
295 🏹🤖🧙‍♂️,La Sombra Valiente
296 ⚔️🗺️🌋,La Mirada Roja
297 🛡️👑🌟,La Travesia Oculta
298 🗺️🎥🚀,La Ruta Perdida
299 🏔️🦖👑,La Horizonte Salvaje
300 🌋🚀🐼,La Montana Salvaje
301 🏝️🏔️🛡️,La Tormenta Secreta
302 🌌🪄📽️,La Selva Infinita
303 🔮🌟🕵️‍♂️,La Historia Invisible
304 🎩🦈🌌,La Memoria Imposible
305 👑🏎️🧩,La Cancion Profunda
306 🪄🌋🚢,La Tormenta Infinita
307 🎬🎬🎬,La Leyenda Epica
308 🎭💥🦈,La Selva Silenciosa
309 🎟️🧙‍♂️🏔️,La Montana Perdida
310 📽️🚢🎥,La Montana Oculta
311 🎞️🏝️🤖,La Selva Silenciosa
312 🎥🎭🎩,La Isla Valiente
313 🌟🧩🦁,La Oraculo Eterna
314 💥🧚‍♀️⚔️,La Busqueda Remota
315 🧩🏹🎟️,La Ciudad Eterna
316 🎯🌌🧚‍♀️,La Historia Serena
317 🦁🎟️🏝️,La Pacto Sagrada
318 🐼🎯💥,La Sombra Sombria
319 🦖🕵️‍♂️🏎️,La Busqueda Invisible
320 🦈⚔️🪄,La Oraculo Encantada
321 🧙‍♂️🔮🦖,La Horizonte Invisible
322 🧚‍♀️📽️🗺️,La Leyenda Dorada
323 🕵️‍♂️🦁🎞️,La Historia Profunda
324 👽👽👽,La Camino Radiante
325 🤖🛡️🔮,La Historia Encantada
326 🚀🎩🎯,La Busqueda Profunda
327 🏎️🎞️🏹,La Tormenta Eterna
328 🚢🐼🎭,La Promesa Lejana
329 🏹🤖🧙‍♂️,La Mirada Eterna
330 ⚔️🗺️🌋,La Luz Remota
331 🛡️👑🌟,La Mision Roja
332 🗺️🎥🚀,La Memoria Remota
333 🏔️🦖👑,La Mirada Azul
334 🌋🚀🐼,La Historia Salvaje
335 🏝️🏔️🛡️,La Odisea Valiente
336 🌌🪄📽️,La Montana Fantastica
337 🔮🌟🕵️‍♂️,La Leyenda Brillante
338 🎩🦈🌌,La Montana Encantada
339 👑🏎️🧩,La Profecia Secreta
340 🪄🌋🚢,La Frontera Lejana
341 🎬🎬🎬,La Montana Valiente
342 🎭💥🦈,La Cancion Valiente
343 🎟️🧙‍♂️🏔️,La Busqueda Infinita
344 📽️🚢🎥,La Camino Fantastica
345 🎞️🏝️🤖,La Horizonte Eterna
346 🎥🎭🎩,La Travesia Salvaje
347 🌟🧩🦁,La Aventura Dorada
348 💥🧚‍♀️⚔️,La Luz Infinita
349 🧩🏹🎟️,La Ciudad Radiante
350 🎯🌌🧚‍♀️,La Promesa Perdida
351 🦁🎟️🏝️,La Isla Serena
352 🐼🎯💥,La Leyenda Epica
353 🦖🕵️‍♂️🏎️,La Oraculo Eterna
354 🦈⚔️🪄,La Busqueda Encantada
355 🧙‍♂️🔮🦖,La Profecia Infinita
356 🧚‍♀️📽️🗺️,La Ruta Profunda
357 🕵️‍♂️🦁🎞️,La Ruta Serena
358 👽👽👽,La Selva Brillante
359 🤖🛡️🔮,La Horizonte Serena
360 🚀🎩🎯,La Ciudad Roja
361 🏎️🎞️🏹,La Leyenda Infinita
362 🚢🐼🎭,La Oraculo Radiante
363 🏹🤖🧙‍♂️,La Mirada Infinita
364 ⚔️🗺️🌋,La Pacto Fantastica
365 🛡️👑🌟,La Isla Sombria
366 🗺️🎥🚀,La Cancion Eterna
367 🏔️🦖👑,La Puerta Valiente
368 🌋🚀🐼,La Promesa Epica
369 🏝️🏔️🛡️,La Mision Remota
370 🌌🪄📽️,La Isla Remota
371 🔮🌟🕵️‍♂️,La Aventura Radiante
372 🎩🦈🌌,La Oraculo Imposible
373 👑🏎️🧩,La Aventura Sombria
374 🪄🌋🚢,La Ciudad Imposible
375 🎬🎬🎬,La Travesia Roja
376 🎭💥🦈,La Leyenda Sagrada
377 🎟️🧙‍♂️🏔️,La Aventura Eterna
378 📽️🚢🎥,La Ciudad Sagrada
379 🎞️🏝️🤖,La Pacto Azul
380 🎥🎭🎩,La Luz Fantastica
381 🌟🧩🦁,La Isla Perdida
382 💥🧚‍♀️⚔️,La Pacto Brillante
383 🧩🏹🎟️,La Profecia Dorada
384 🎯🌌🧚‍♀️,La Destino Dorada
385 🦁🎟️🏝️,La Horizonte Secreta
386 🐼🎯💥,La Oraculo Encantada
387 🦖🕵️‍♂️🏎️,La Odisea Serena
388 🦈⚔️🪄,La Oraculo Salvaje
389 🧙‍♂️🔮🦖,La Luz Encantada
390 🧚‍♀️📽️🗺️,La Profecia Secreta
391 🕵️‍♂️🦁🎞️,La Leyenda Dorada
392 👽👽👽,La Aventura Sombria
393 🤖🛡️🔮,La Puerta Serena
394 🚀🎩🎯,La Leyenda Infinita
395 🏎️🎞️🏹,La Cancion Misteriosa
396 🚢🐼🎭,La Oraculo Fantastica
397 🏹🤖🧙‍♂️,La Horizonte Lejana
398 ⚔️🗺️🌋,La Ruta Oscura
399 🛡️👑🌟,La Pacto Roja
400 🗺️🎥🚀,La Selva Salvaje
401 🏔️🦖👑,La Ciudad Infinita
402 🌋🚀🐼,La Historia Dorada
403 🏝️🏔️🛡️,La Profecia Silenciosa
404 🌌🪄📽️,La Promesa Perdida
405 🔮🌟🕵️‍♂️,La Memoria Remota
406 🎩🦈🌌,La Montana Eterna
407 👑🏎️🧩,La Horizonte Serena
408 🪄🌋🚢,La Pacto Misteriosa
409 🎬🎬🎬,La Puerta Brillante
410 🎭💥🦈,La Cancion Roja
411 🎟️🧙‍♂️🏔️,La Destino Remota
412 📽️🚢🎥,La Ruta Imposible
413 🎞️🏝️🤖,La Isla Secreta
414 🎥🎭🎩,La Montana Valiente
415 🌟🧩🦁,La Mision Encantada
416 💥🧚‍♀️⚔️,La Tormenta Roja
417 🧩🏹🎟️,La Selva Remota
418 🎯🌌🧚‍♀️,La Luz Roja
419 🦁🎟️🏝️,La Camino Valiente
420 🐼🎯💥,La Horizonte Oscura
421 🦖🕵️‍♂️🏎️,La Frontera Silenciosa
422 🦈⚔️🪄,La Busqueda Radiante
423 🧙‍♂️🔮🦖,La Profecia Epica
424 🧚‍♀️📽️🗺️,La Promesa Fantastica
425 🕵️‍♂️🦁🎞️,La Selva Perdida
426 👽👽👽,La Luz Epica
427 🤖🛡️🔮,La Ciudad Profunda
428 🚀🎩🎯,La Horizonte Imposible
429 🏎️🎞️🏹,La Destino Fantastica
430 🚢🐼🎭,La Travesia Sombria
431 🏹🤖🧙‍♂️,La Camino Perdida
432 ⚔️🗺️🌋,La Odisea Oculta
433 🛡️👑🌟,La Camino Salvaje
434 🗺️🎥🚀,La Ciudad Remota
435 🏔️🦖👑,La Oraculo Sombria
436 🌋🚀🐼,La Memoria Lejana
437 🏝️🏔️🛡️,La Pacto Sagrada
438 🌌🪄📽️,La Busqueda Remota
439 🔮🌟🕵️‍♂️,La Odisea Valiente
440 🎩🦈🌌,La Travesia Brillante
441 👑🏎️🧩,La Montana Sagrada
442 🪄🌋🚢,La Historia Invisible
443 🎬🎬🎬,La Tormenta Invisible
444 🎭💥🦈,La Aventura Misteriosa
445 🎟️🧙‍♂️🏔️,La Pacto Encantada
446 📽️🚢🎥,La Selva Profunda
447 🎞️🏝️🤖,La Sombra Oscura
448 🎥🎭🎩,La Puerta Oculta
449 🌟🧩🦁,La Profecia Epica
450 💥🧚‍♀️⚔️,La Mision Remota
451 🧩🏹🎟️,La Cancion Salvaje
452 🎯🌌🧚‍♀️,La Promesa Perdida
453 🦁🎟️🏝️,La Aventura Imposible
454 🐼🎯💥,La Leyenda Misteriosa
455 🦖🕵️‍♂️🏎️,La Destino Serena
456 🦈⚔️🪄,La Mision Sombria
457 🧙‍♂️🔮🦖,La Busqueda Valiente
458 🧚‍♀️📽️🗺️,La Profecia Profunda
459 🕵️‍♂️🦁🎞️,La Luz Roja
460 👽👽👽,La Selva Valiente
461 🤖🛡️🔮,La Selva Infinita
462 🚀🎩🎯,La Busqueda Lejana
463 🏎️🎞️🏹,La Mirada Sagrada
464 🚢🐼🎭,La Leyenda Epica
465 🏹🤖🧙‍♂️,La Isla Oscura
466 ⚔️🗺️🌋,La Ciudad Invisible
467 🛡️👑🌟,La Pacto Invisible
468 🗺️🎥🚀,La Ciudad Imposible
469 🏔️🦖👑,La Promesa Salvaje
470 🌋🚀🐼,La Leyenda Encantada
471 🏝️🏔️🛡️,La Odisea Secreta
472 🌌🪄📽️,La Horizonte Oscura
473 🔮🌟🕵️‍♂️,La Sombra Salvaje
474 🎩🦈🌌,La Pacto Remota
475 👑🏎️🧩,La Ciudad Eterna
476 🪄🌋🚢,La Horizonte Secreta
477 🎬🎬🎬,La Camino Remota
478 🎭💥🦈,La Busqueda Brillante
479 🎟️🧙‍♂️🏔️,La Promesa Imposible
480 📽️🚢🎥,La Pacto Epica
481 🎞️🏝️🤖,La Pacto Serena
482 🎥🎭🎩,La Isla Fantastica
483 🌟🧩🦁,La Aventura Imposible
484 💥🧚‍♀️⚔️,La Sombra Epica
485 🧩🏹🎟️,La Odisea Infinita
486 🎯🌌🧚‍♀️,La Profecia Sombria
487 🦁🎟️🏝️,La Puerta Serena
488 🐼🎯💥,La Mirada Imposible
489 🦖🕵️‍♂️🏎️,La Travesia Silenciosa
490 🦈⚔️🪄,La Isla Infinita
491 🧙‍♂️🔮🦖,La Montana Encantada
492 🧚‍♀️📽️🗺️,La Oraculo Roja
493 🕵️‍♂️🦁🎞️,La Frontera Silenciosa
494 👽👽👽,La Horizonte Secreta
495 🤖🛡️🔮,La Isla Oscura
496 🚀🎩🎯,La Memoria Fantastica
497 🏎️🎞️🏹,La Sombra Secreta
498 🚢🐼🎭,La Montana Fantastica
499 🏹🤖🧙‍♂️,La Pacto Serena
500 ⚔️🗺️🌋,La Busqueda Valiente
501 🛡️👑🌟,La Aventura Oculta
502 🗺️🎥🚀,La Travesia Perdida
503 🏔️🦖👑,La Odisea Perdida
504 🌋🚀🐼,La Ciudad Eterna
505 🏝️🏔️🛡️,La Memoria Valiente
506 🌌🪄📽️,La Tormenta Silenciosa
507 🔮🌟🕵️‍♂️,La Profecia Eterna
508 🎩🦈🌌,La Tormenta Radiante
509 👑🏎️🧩,La Frontera Dorada
510 🪄🌋🚢,La Horizonte Perdida
511 🎬🎬🎬,La Destino Lejana
512 🎭💥🦈,La Luz Epica
513 🎟️🧙‍♂️🏔️,La Travesia Brillante
514 📽️🚢🎥,La Odisea Fantastica
515 🎞️🏝️🤖,La Horizonte Brillante
516 🎥🎭🎩,La Sombra Oscura
517 🌟🧩🦁,La Odisea Oculta
518 💥🧚‍♀️⚔️,La Profecia Azul
519 🧩🏹🎟️,La Horizonte Serena
520 🎯🌌🧚‍♀️,La Horizonte Eterna
521 🦁🎟️🏝️,La Destino Silenciosa
522 🐼🎯💥,La Promesa Remota
523 🦖🕵️‍♂️🏎️,La Horizonte Perdida
524 🦈⚔️🪄,La Luz Lejana
525 🧙‍♂️🔮🦖,La Camino Epica
526 🧚‍♀️📽️🗺️,La Ruta Radiante
527 🕵️‍♂️🦁🎞️,La Luz Encantada
528 👽👽👽,La Frontera Lejana
529 🤖🛡️🔮,La Mirada Oscura
530 🚀🎩🎯,La Camino Profunda
531 🏎️🎞️🏹,La Selva Salvaje
532 🚢🐼🎭,La Oraculo Eterna
533 🏹🤖🧙‍♂️,La Isla Sagrada
534 ⚔️🗺️🌋,La Camino Oculta
535 🛡️👑🌟,La Profecia Invisible
536 🗺️🎥🚀,La Camino Epica
537 🏔️🦖👑,La Luz Lejana
538 🌋🚀🐼,La Mirada Lejana
539 🏝️🏔️🛡️,La Travesia Profunda
540 🌌🪄📽️,La Camino Encantada
541 🔮🌟🕵️‍♂️,La Profecia Eterna
542 🎩🦈🌌,La Selva Salvaje
543 👑🏎️🧩,La Historia Lejana
544 🪄🌋🚢,La Oraculo Azul
545 🎬🎬🎬,La Isla Remota
546 🎭💥🦈,La Busqueda Secreta
547 🎟️🧙‍♂️🏔️,La Sombra Serena
548 📽️🚢🎥,La Aventura Eterna
549 🎞️🏝️🤖,La Memoria Imposible
550 🎥🎭🎩,La Frontera Roja
551 🌟🧩🦁,La Profecia Roja
552 💥🧚‍♀️⚔️,La Destino Oculta
553 🧩🏹🎟️,La Destino Invisible
554 🎯🌌🧚‍♀️,La Leyenda Silenciosa
555 🦁🎟️🏝️,La Puerta Radiante
556 🐼🎯💥,La Camino Secreta
557 🦖🕵️‍♂️🏎️,La Profecia Brillante
558 🦈⚔️🪄,La Horizonte Remota
559 🧙‍♂️🔮🦖,La Ciudad Lejana
560 🧚‍♀️📽️🗺️,La Historia Misteriosa
561 🕵️‍♂️🦁🎞️,La Ruta Azul
562 👽👽👽,La Puerta Encantada
563 🤖🛡️🔮,La Aventura Azul
564 🚀🎩🎯,La Luz Imposible
565 🏎️🎞️🏹,La Ruta Brillante
566 🚢🐼🎭,La Pacto Sagrada
567 🏹🤖🧙‍♂️,La Cancion Oculta
568 ⚔️🗺️🌋,La Sombra Silenciosa
569 🛡️👑🌟,La Isla Sagrada
570 🗺️🎥🚀,La Selva Salvaje
571 🏔️🦖👑,La Camino Azul
572 🌋🚀🐼,La Leyenda Silenciosa
573 🏝️🏔️🛡️,La Pacto Sagrada
574 🌌🪄📽️,La Ciudad Silenciosa
575 🔮🌟🕵️‍♂️,La Frontera Azul
576 🎩🦈🌌,La Profecia Fantastica
577 👑🏎️🧩,La Busqueda Profunda
578 🪄🌋🚢,La Cancion Invisible
579 🎬🎬🎬,La Ciudad Roja
580 🎭💥🦈,La Ciudad Perdida
581 🎟️🧙‍♂️🏔️,La Leyenda Fantastica
582 📽️🚢🎥,La Mirada Oculta
583 🎞️🏝️🤖,La Ruta Salvaje
584 🎥🎭🎩,La Mision Oculta
585 🌟🧩🦁,La Horizonte Misteriosa
586 💥🧚‍♀️⚔️,La Tormenta Encantada
587 🧩🏹🎟️,La Busqueda Fantastica
588 🎯🌌🧚‍♀️,La Odisea Imposible
589 🦁🎟️🏝️,La Odisea Roja
590 🐼🎯💥,La Memoria Invisible
591 🦖🕵️‍♂️🏎️,La Tormenta Sombria
592 🦈⚔️🪄,La Isla Oscura
593 🧙‍♂️🔮🦖,La Leyenda Valiente
594 🧚‍♀️📽️🗺️,La Destino Brillante
595 🕵️‍♂️🦁🎞️,La Oraculo Radiante
596 👽👽👽,La Horizonte Encantada
597 🤖🛡️🔮,La Puerta Salvaje
598 🚀🎩🎯,La Pacto Eterna
599 🏎️🎞️🏹,La Aventura Silenciosa
600 🚢🐼🎭,La Busqueda Salvaje
601 🏹🤖🧙‍♂️,La Oraculo Oscura
602 ⚔️🗺️🌋,La Montana Encantada
603 🛡️👑🌟,La Busqueda Infinita
604 🗺️🎥🚀,La Tormenta Fantastica
605 🏔️🦖👑,La Mirada Infinita
606 🌋🚀🐼,La Frontera Azul
607 🏝️🏔️🛡️,La Ruta Roja
608 🌌🪄📽️,La Pacto Perdida
609 🔮🌟🕵️‍♂️,La Historia Radiante
610 🎩🦈🌌,La Isla Valiente
611 👑🏎️🧩,La Mision Oscura
612 🪄🌋🚢,La Camino Fantastica
613 🎬🎬🎬,La Ruta Sagrada
614 🎭💥🦈,La Travesia Roja
615 🎟️🧙‍♂️🏔️,La Busqueda Misteriosa
616 📽️🚢🎥,La Oraculo Remota
617 🎞️🏝️🤖,La Memoria Eterna
618 🎥🎭🎩,La Promesa Misteriosa
619 🌟🧩🦁,La Montana Invisible
620 💥🧚‍♀️⚔️,La Cancion Salvaje
621 🧩🏹🎟️,La Luz Secreta
622 🎯🌌🧚‍♀️,La Leyenda Epica
623 🦁🎟️🏝️,La Frontera Misteriosa
624 🐼🎯💥,La Montana Imposible
625 🦖🕵️‍♂️🏎️,La Oraculo Fantastica
626 🦈⚔️🪄,La Frontera Epica
627 🧙‍♂️🔮🦖,La Memoria Serena
628 🧚‍♀️📽️🗺️,La Travesia Oscura
629 🕵️‍♂️🦁🎞️,La Frontera Radiante
630 👽👽👽,La Horizonte Sombria
631 🤖🛡️🔮,La Memoria Profunda
632 🚀🎩🎯,La Sombra Invisible
633 🏎️🎞️🏹,La Travesia Sagrada
634 🚢🐼🎭,La Cancion Epica
635 🏹🤖🧙‍♂️,La Montana Epica
636 ⚔️🗺️🌋,La Luz Lejana
637 🛡️👑🌟,La Camino Perdida
638 🗺️🎥🚀,La Pacto Epica
639 🏔️🦖👑,La Horizonte Dorada
640 🌋🚀🐼,La Pacto Profunda
641 🏝️🏔️🛡️,La Busqueda Misteriosa
642 🌌🪄📽️,La Sombra Serena
643 🔮🌟🕵️‍♂️,La Pacto Azul
644 🎩🦈🌌,La Selva Lejana
645 👑🏎️🧩,La Ruta Encantada
646 🪄🌋🚢,La Travesia Perdida
647 🎬🎬🎬,La Cancion Secreta
648 🎭💥🦈,La Aventura Serena
649 🎟️🧙‍♂️🏔️,La Tormenta Encantada
650 📽️🚢🎥,La Mision Epica
651 🎞️🏝️🤖,La Ruta Epica
652 🎥🎭🎩,La Busqueda Epica
653 🌟🧩🦁,La Frontera Azul
654 💥🧚‍♀️⚔️,La Ciudad Eterna
655 🧩🏹🎟️,La Sombra Valiente
656 🎯🌌🧚‍♀️,La Aventura Lejana
657 🦁🎟️🏝️,La Ciudad Remota
658 🐼🎯💥,La Selva Azul
659 🦖🕵️‍♂️🏎️,La Odisea Misteriosa
660 🦈⚔️🪄,La Tormenta Roja
661 🧙‍♂️🔮🦖,La Mision Invisible
662 🧚‍♀️📽️🗺️,La Puerta Silenciosa
663 🕵️‍♂️🦁🎞️,La Memoria Imposible
664 👽👽👽,La Destino Eterna
665 🤖🛡️🔮,La Luz Oscura
666 🚀🎩🎯,La Mision Roja
667 🏎️🎞️🏹,La Ruta Radiante
668 🚢🐼🎭,La Promesa Brillante
669 🏹🤖🧙‍♂️,La Montana Dorada
670 ⚔️🗺️🌋,La Camino Oculta
671 🛡️👑🌟,La Odisea Profunda
672 🗺️🎥🚀,La Travesia Remota
673 🏔️🦖👑,La Pacto Imposible
674 🌋🚀🐼,La Isla Imposible
675 🏝️🏔️🛡️,La Selva Valiente
676 🌌🪄📽️,La Oraculo Sombria
677 🔮🌟🕵️‍♂️,La Ruta Oscura
678 🎩🦈🌌,La Promesa Profunda
679 👑🏎️🧩,La Memoria Infinita
680 🪄🌋🚢,La Memoria Dorada
681 🎬🎬🎬,La Promesa Epica
682 🎭💥🦈,La Travesia Valiente
683 🎟️🧙‍♂️🏔️,La Leyenda Fantastica
684 📽️🚢🎥,La Luz Oscura
685 🎞️🏝️🤖,La Ciudad Dorada
686 🎥🎭🎩,La Travesia Fantastica
687 🌟🧩🦁,La Promesa Infinita
688 💥🧚‍♀️⚔️,La Camino Valiente
689 🧩🏹🎟️,La Promesa Silenciosa
690 🎯🌌🧚‍♀️,La Mision Secreta
691 🦁🎟️🏝️,La Oraculo Salvaje
692 🐼🎯💥,La Mirada Oscura
693 🦖🕵️‍♂️🏎️,La Odisea Lejana
694 🦈⚔️🪄,La Promesa Misteriosa
695 🧙‍♂️🔮🦖,La Aventura Valiente
696 🧚‍♀️📽️🗺️,La Odisea Remota
697 🕵️‍♂️🦁🎞️,La Travesia Salvaje
698 👽👽👽,La Puerta Radiante
699 🤖🛡️🔮,La Profecia Roja
700 🚀🎩🎯,La Promesa Oscura
701 🏎️🎞️🏹,La Sombra Dorada
702 🚢🐼🎭,La Ciudad Lejana
703 🏹🤖🧙‍♂️,La Promesa Secreta
704 ⚔️🗺️🌋,La Leyenda Fantastica
705 🛡️👑🌟,La Aventura Misteriosa
706 🗺️🎥🚀,La Memoria Remota
707 🏔️🦖👑,La Leyenda Infinita
708 🌋🚀🐼,La Cancion Silenciosa
709 🏝️🏔️🛡️,La Promesa Invisible
710 🌌🪄📽️,La Montana Encantada
711 🔮🌟🕵️‍♂️,La Cancion Encantada
712 🎩🦈🌌,La Puerta Profunda
713 👑🏎️🧩,La Sombra Brillante
714 🪄🌋🚢,La Isla Sagrada
715 🎬🎬🎬,La Promesa Epica
716 🎭💥🦈,La Mision Salvaje
717 🎟️🧙‍♂️🏔️,La Leyenda Azul
718 📽️🚢🎥,La Cancion Valiente
719 🎞️🏝️🤖,La Horizonte Oculta
720 🎥🎭🎩,La Isla Profunda
721 🌟🧩🦁,La Sombra Misteriosa
722 💥🧚‍♀️⚔️,La Pacto Azul
723 🧩🏹🎟️,La Luz Sagrada
724 🎯🌌🧚‍♀️,La Leyenda Remota
725 🦁🎟️🏝️,La Sombra Profunda
726 🐼🎯💥,La Frontera Radiante
727 🦖🕵️‍♂️🏎️,La Selva Oscura
728 🦈⚔️🪄,La Frontera Remota
729 🧙‍♂️🔮🦖,La Sombra Brillante
730 🧚‍♀️📽️🗺️,La Destino Brillante
731 🕵️‍♂️🦁🎞️,La Camino Silenciosa
732 👽👽👽,La Odisea Roja
733 🤖🛡️🔮,La Frontera Valiente
734 🚀🎩🎯,La Pacto Imposible
735 🏎️🎞️🏹,La Frontera Radiante
736 🚢🐼🎭,La Pacto Epica
737 🏹🤖🧙‍♂️,La Memoria Misteriosa
738 ⚔️🗺️🌋,La Busqueda Invisible
739 🛡️👑🌟,La Mision Invisible
740 🗺️🎥🚀,La Mision Sombria
741 🏔️🦖👑,La Tormenta Salvaje
742 🌋🚀🐼,La Frontera Oculta
743 🏝️🏔️🛡️,La Destino Infinita
744 🌌🪄📽️,La Travesia Oculta
745 🔮🌟🕵️‍♂️,La Tormenta Eterna
746 🎩🦈🌌,La Aventura Serena
747 👑🏎️🧩,La Historia Remota
748 🪄🌋🚢,La Puerta Oculta
749 🎬🎬🎬,La Mirada Serena
750 🎭💥🦈,La Cancion Perdida
751 🎟️🧙‍♂️🏔️,La Pacto Perdida
752 📽️🚢🎥,La Promesa Invisible
753 🎞️🏝️🤖,La Puerta Azul
754 🎥🎭🎩,La Cancion Sagrada
755 🌟🧩🦁,La Oraculo Profunda
756 💥🧚‍♀️⚔️,La Montana Lejana
757 🧩🏹🎟️,La Montana Roja
758 🎯🌌🧚‍♀️,La Sombra Lejana
759 🦁🎟️🏝️,La Historia Oculta
760 🐼🎯💥,La Oraculo Encantada
761 🦖🕵️‍♂️🏎️,La Historia Oculta
762 🦈⚔️🪄,La Destino Dorada
763 🧙‍♂️🔮🦖,La Cancion Dorada
764 🧚‍♀️📽️🗺️,La Pacto Azul
765 🕵️‍♂️🦁🎞️,La Destino Perdida
766 👽👽👽,La Luz Silenciosa
767 🤖🛡️🔮,La Montana Lejana
768 🚀🎩🎯,La Odisea Oscura
769 🏎️🎞️🏹,La Odisea Secreta
770 🚢🐼🎭,La Ruta Lejana
771 🏹🤖🧙‍♂️,La Busqueda Remota
772 ⚔️🗺️🌋,La Historia Salvaje
773 🛡️👑🌟,La Camino Infinita
774 🗺️🎥🚀,La Horizonte Serena
775 🏔️🦖👑,La Leyenda Oscura
776 🌋🚀🐼,La Pacto Roja
777 🏝️🏔️🛡️,La Frontera Oculta
778 🌌🪄📽️,La Destino Secreta
779 🔮🌟🕵️‍♂️,La Tormenta Brillante
780 🎩🦈🌌,La Frontera Oscura
781 👑🏎️🧩,La Memoria Lejana
782 🪄🌋🚢,La Montana Oculta
783 🎬🎬🎬,La Historia Misteriosa
784 🎭💥🦈,La Profecia Remota
785 🎟️🧙‍♂️🏔️,La Oraculo Sombria
786 📽️🚢🎥,La Promesa Sombria
787 🎞️🏝️🤖,La Profecia Oculta
788 🎥🎭🎩,La Cancion Imposible
789 🌟🧩🦁,La Montana Sagrada
790 💥🧚‍♀️⚔️,La Travesia Secreta
791 🧩🏹🎟️,La Mision Salvaje
792 🎯🌌🧚‍♀️,La Aventura Invisible
793 🦁🎟️🏝️,La Camino Brillante
794 🐼🎯💥,La Montana Epica
795 🦖🕵️‍♂️🏎️,La Aventura Brillante
796 🦈⚔️🪄,La Busqueda Infinita
797 🧙‍♂️🔮🦖,La Ruta Secreta
798 🧚‍♀️📽️🗺️,La Mision Fantastica
799 🕵️‍♂️🦁🎞️,La Busqueda Perdida
800 👽👽👽,La Montana Oculta
801 🤖🛡️🔮,La Busqueda Azul
802 🚀🎩🎯,La Travesia Perdida
803 🏎️🎞️🏹,La Leyenda Epica
804 🚢🐼🎭,La Pacto Oculta
805 🏹🤖🧙‍♂️,La Cancion Invisible
806 ⚔️🗺️🌋,La Travesia Profunda
807 🛡️👑🌟,La Historia Imposible
808 🗺️🎥🚀,La Oraculo Radiante
809 🏔️🦖👑,La Promesa Sagrada
810 🌋🚀🐼,La Montana Remota
811 🏝️🏔️🛡️,La Tormenta Encantada
812 🌌🪄📽️,La Sombra Roja
813 🔮🌟🕵️‍♂️,La Busqueda Silenciosa
814 🎩🦈🌌,La Mision Sagrada
815 👑🏎️🧩,La Mision Silenciosa
816 🪄🌋🚢,La Horizonte Valiente
817 🎬🎬🎬,La Tormenta Oscura
818 🎭💥🦈,La Odisea Brillante
819 🎟️🧙‍♂️🏔️,La Frontera Invisible
820 📽️🚢🎥,La Luz Sagrada
821 🎞️🏝️🤖,La Cancion Infinita
822 🎥🎭🎩,La Puerta Lejana
823 🌟🧩🦁,La Historia Epica
824 💥🧚‍♀️⚔️,La Frontera Eterna
825 🧩🏹🎟️,La Horizonte Silenciosa
826 🎯🌌🧚‍♀️,La Horizonte Oculta
827 🦁🎟️🏝️,La Leyenda Sombria
828 🐼🎯💥,La Pacto Valiente
829 🦖🕵️‍♂️🏎️,La Historia Misteriosa
830 🦈⚔️🪄,La Horizonte Invisible
831 🧙‍♂️🔮🦖,La Busqueda Imposible
832 🧚‍♀️📽️🗺️,La Frontera Eterna
833 🕵️‍♂️🦁🎞️,La Mirada Imposible
834 👽👽👽,La Oraculo Perdida
835 🤖🛡️🔮,La Historia Serena
836 🚀🎩🎯,La Selva Perdida
837 🏎️🎞️🏹,La Pacto Valiente
838 🚢🐼🎭,La Tormenta Infinita
839 🏹🤖🧙‍♂️,La Historia Remota
840 ⚔️🗺️🌋,La Profecia Eterna
841 🛡️👑🌟,La Memoria Sagrada
842 🗺️🎥🚀,La Tormenta Brillante
843 🏔️🦖👑,La Historia Eterna
844 🌋🚀🐼,La Aventura Eterna
845 🏝️🏔️🛡️,La Puerta Secreta
846 🌌🪄📽️,La Selva Dorada
847 🔮🌟🕵️‍♂️,La Horizonte Eterna
848 🎩🦈🌌,La Promesa Serena
849 👑🏎️🧩,La Pacto Azul
850 🪄🌋🚢,La Horizonte Oculta
851 🎬🎬🎬,La Mirada Remota
852 🎭💥🦈,La Odisea Sagrada
853 🎟️🧙‍♂️🏔️,La Ruta Invisible
854 📽️🚢🎥,La Mirada Oscura
855 🎞️🏝️🤖,La Pacto Secreta
856 🎥🎭🎩,La Cancion Eterna
857 🌟🧩🦁,La Tormenta Valiente
858 💥🧚‍♀️⚔️,La Frontera Oculta
859 🧩🏹🎟️,La Puerta Valiente
860 🎯🌌🧚‍♀️,La Odisea Encantada
861 🦁🎟️🏝️,La Odisea Oculta
862 🐼🎯💥,La Pacto Brillante
863 🦖🕵️‍♂️🏎️,La Puerta Epica
864 🦈⚔️🪄,La Puerta Invisible
865 🧙‍♂️🔮🦖,La Odisea Sombria
866 🧚‍♀️📽️🗺️,La Luz Perdida
867 🕵️‍♂️🦁🎞️,La Profecia Perdida
868 👽👽👽,La Montana Profunda
869 🤖🛡️🔮,La Odisea Imposible
870 🚀🎩🎯,La Mirada Invisible
871 🏎️🎞️🏹,La Mirada Infinita
872 🚢🐼🎭,La Travesia Lejana
873 🏹🤖🧙‍♂️,La Promesa Infinita
874 ⚔️🗺️🌋,La Montana Epica
875 🛡️👑🌟,La Luz Dorada
876 🗺️🎥🚀,La Luz Profunda
877 🏔️🦖👑,La Selva Dorada
878 🌋🚀🐼,La Destino Profunda
879 🏝️🏔️🛡️,La Ciudad Misteriosa
880 🌌🪄📽️,La Destino Valiente
881 🔮🌟🕵️‍♂️,La Selva Remota
882 🎩🦈🌌,La Aventura Imposible
883 👑🏎️🧩,La Isla Lejana
884 🪄🌋🚢,La Promesa Salvaje
885 🎬🎬🎬,La Promesa Profunda
886 🎭💥🦈,La Pacto Roja
887 🎟️🧙‍♂️🏔️,La Luz Serena
888 📽️🚢🎥,La Oraculo Sombria
889 🎞️🏝️🤖,La Profecia Valiente
890 🎥🎭🎩,La Mirada Oscura
891 🌟🧩🦁,La Ciudad Sagrada
892 💥🧚‍♀️⚔️,La Ruta Azul
893 🧩🏹🎟️,La Destino Sagrada
894 🎯🌌🧚‍♀️,La Montana Profunda
895 🦁🎟️🏝️,La Memoria Oculta
896 🐼🎯💥,La Mirada Silenciosa
897 🦖🕵️‍♂️🏎️,La Historia Roja
898 🦈⚔️🪄,La Mirada Eterna
899 🧙‍♂️🔮🦖,La Camino Silenciosa
900 🧚‍♀️📽️🗺️,La Historia Sagrada
901 🕵️‍♂️🦁🎞️,La Oraculo Oscura
902 👽👽👽,La Profecia Dorada
903 🤖🛡️🔮,La Leyenda Fantastica
904 🚀🎩🎯,La Busqueda Perdida
905 🏎️🎞️🏹,La Montana Misteriosa
906 🚢🐼🎭,La Aventura Salvaje
907 🏹🤖🧙‍♂️,La Memoria Oculta
908 ⚔️🗺️🌋,La Ciudad Infinita
909 🛡️👑🌟,La Puerta Encantada
910 🗺️🎥🚀,La Ruta Infinita
911 🏔️🦖👑,La Aventura Epica
912 🌋🚀🐼,La Cancion Encantada
913 🏝️🏔️🛡️,La Montana Infinita
914 🌌🪄📽️,La Luz Encantada
915 🔮🌟🕵️‍♂️,La Frontera Brillante
916 🎩🦈🌌,La Historia Serena
917 👑🏎️🧩,La Leyenda Infinita
918 🪄🌋🚢,La Horizonte Sombria
919 🎬🎬🎬,La Memoria Oculta
920 🎭💥🦈,La Aventura Brillante
921 🎟️🧙‍♂️🏔️,La Profecia Secreta
922 📽️🚢🎥,La Mision Eterna
923 🎞️🏝️🤖,La Busqueda Imposible
924 🎥🎭🎩,La Aventura Oscura
925 🌟🧩🦁,La Mision Serena
926 💥🧚‍♀️⚔️,La Promesa Perdida
927 🧩🏹🎟️,La Ciudad Fantastica
928 🎯🌌🧚‍♀️,La Leyenda Remota
929 🦁🎟️🏝️,La Ruta Eterna
930 🐼🎯💥,La Destino Roja
931 🦖🕵️‍♂️🏎️,La Sombra Sombria
932 🦈⚔️🪄,La Mirada Profunda
933 🧙‍♂️🔮🦖,La Busqueda Silenciosa
934 🧚‍♀️📽️🗺️,La Ruta Valiente
935 🕵️‍♂️🦁🎞️,La Camino Silenciosa
936 👽👽👽,La Frontera Misteriosa
937 🤖🛡️🔮,La Busqueda Roja
938 🚀🎩🎯,La Selva Encantada
939 🏎️🎞️🏹,La Promesa Lejana
940 🚢🐼🎭,La Cancion Invisible
941 🏹🤖🧙‍♂️,La Luz Lejana
942 ⚔️🗺️🌋,La Mision Secreta
943 🛡️👑🌟,La Ruta Valiente
944 🗺️🎥🚀,La Frontera Secreta
945 🏔️🦖👑,La Mision Imposible
946 🌋🚀🐼,La Memoria Roja
947 🏝️🏔️🛡️,La Camino Salvaje
948 🌌🪄📽️,La Busqueda Encantada
949 🔮🌟🕵️‍♂️,La Profecia Remota
950 🎩🦈🌌,La Camino Imposible
951 👑🏎️🧩,La Isla Misteriosa
952 🪄🌋🚢,La Selva Oculta
953 🎬🎬🎬,La Ruta Imposible
954 🎭💥🦈,La Busqueda Azul
955 🎟️🧙‍♂️🏔️,La Memoria Profunda
956 📽️🚢🎥,La Profecia Salvaje
957 🎞️🏝️🤖,La Ruta Oscura
958 🎥🎭🎩,La Profecia Sombria
959 🌟🧩🦁,La Mirada Secreta
960 💥🧚‍♀️⚔️,La Odisea Encantada
961 🧩🏹🎟️,La Selva Secreta
962 🎯🌌🧚‍♀️,La Historia Brillante
963 🦁🎟️🏝️,La Leyenda Invisible
964 🐼🎯💥,La Mision Eterna
965 🦖🕵️‍♂️🏎️,La Tormenta Valiente
966 🦈⚔️🪄,La Profecia Azul
967 🧙‍♂️🔮🦖,La Horizonte Oscura
968 🧚‍♀️📽️🗺️,La Frontera Secreta
969 🕵️‍♂️🦁🎞️,La Ciudad Fantastica
970 👽👽👽,La Memoria Eterna
971 🤖🛡️🔮,La Busqueda Brillante
972 🚀🎩🎯,La Historia Imposible
973 🏎️🎞️🏹,La Frontera Secreta
974 🚢🐼🎭,La Destino Epica
975 🏹🤖🧙‍♂️,La Horizonte Profunda
976 ⚔️🗺️🌋,La Montana Fantastica
977 🛡️👑🌟,La Destino Brillante
978 🗺️🎥🚀,La Ciudad Encantada
979 🏔️🦖👑,La Odisea Profunda
980 🌋🚀🐼,La Memoria Oculta
981 🏝️🏔️🛡️,La Historia Remota
982 🌌🪄📽️,La Odisea Lejana
983 🔮🌟🕵️‍♂️,La Isla Perdida
984 🎩🦈🌌,La Puerta Eterna
985 👑🏎️🧩,La Tormenta Invisible
986 🪄🌋🚢,La Ciudad Invisible
987 🎬🎬🎬,La Luz Silenciosa
988 🎭💥🦈,La Montana Imposible
989 🎟️🧙‍♂️🏔️,La Memoria Silenciosa
990 📽️🚢🎥,La Montana Profunda
991 🎞️🏝️🤖,La Odisea Invisible
992 🎥🎭🎩,La Camino Silenciosa
993 🌟🧩🦁,La Pacto Radiante
994 💥🧚‍♀️⚔️,La Sombra Salvaje
995 🧩🏹🎟️,La Puerta Misteriosa
996 🎯🌌🧚‍♀️,La Busqueda Profunda
997 🦁🎟️🏝️,La Luz Salvaje
998 🐼🎯💥,La Tormenta Oscura
999 🦖🕵️‍♂️🏎️,La Cancion Epica
1000 🦈⚔️🪄,La Cancion Sombria
1001 🧙‍♂️🔮🦖,La Historia Imposible
1002 🧚‍♀️📽️🗺️,La Destino Brillante
1003 🕵️‍♂️🦁🎞️,La Destino Serena
1004 👽👽👽,La Odisea Oscura
1005 🤖🛡️🔮,La Historia Brillante
1006 🚀🎩🎯,La Leyenda Silenciosa
1007 🏎️🎞️🏹,La Oraculo Salvaje
1008 🚢🐼🎭,La Promesa Sombria
1009 🏹🤖🧙‍♂️,La Profecia Perdida
1010 ⚔️🗺️🌋,La Montana Remota
1011 🛡️👑🌟,La Aventura Encantada
1012 🗺️🎥🚀,La Aventura Imposible
1013 🏔️🦖👑,La Ciudad Roja
1014 🌋🚀🐼,La Mision Lejana
1015 🏝️🏔️🛡️,La Frontera Lejana
1016 🌌🪄📽️,La Selva Sombria
1017 🔮🌟🕵️‍♂️,La Busqueda Radiante
1018 🎩🦈🌌,La Isla Salvaje
1019 👑🏎️🧩,La Busqueda Roja
1020 🪄🌋🚢,La Promesa Invisible
1021 🎬🎬🎬,La Busqueda Roja
1022 🎭💥🦈,La Horizonte Lejana
1023 🎟️🧙‍♂️🏔️,La Mision Azul
1024 📽️🚢🎥,La Puerta Valiente
1025 🎞️🏝️🤖,La Historia Serena
1026 🎥🎭🎩,La Frontera Oscura
1027 🌟🧩🦁,La Ciudad Epica
1028 💥🧚‍♀️⚔️,La Montana Radiante
1029 🧩🏹🎟️,La Mirada Sagrada
1030 🎯🌌🧚‍♀️,La Odisea Salvaje
1031 🦁🎟️🏝️,La Camino Roja
1032 🐼🎯💥,La Sombra Misteriosa
1033 🦖🕵️‍♂️🏎️,La Selva Dorada
1034 🦈⚔️🪄,La Leyenda Imposible
1035 🧙‍♂️🔮🦖,La Oraculo Salvaje
1036 🧚‍♀️📽️🗺️,La Oraculo Roja
1037 🕵️‍♂️🦁🎞️,La Oraculo Perdida
1038 👽👽👽,La Camino Radiante
1039 🤖🛡️🔮,La Tormenta Misteriosa
1040 🚀🎩🎯,La Selva Imposible
1041 🏎️🎞️🏹,La Promesa Profunda
1042 🚢🐼🎭,La Odisea Remota
1043 🏹🤖🧙‍♂️,La Montana Infinita
1044 ⚔️🗺️🌋,La Mirada Profunda
1045 🛡️👑🌟,La Historia Sagrada
1046 🗺️🎥🚀,La Memoria Azul
1047 🏔️🦖👑,La Luz Invisible
1048 🌋🚀🐼,La Oraculo Sombria
1049 🏝️🏔️🛡️,La Camino Misteriosa
1050 🌌🪄📽️,La Horizonte Perdida
1051 🔮🌟🕵️‍♂️,La Historia Sombria
1052 🎩🦈🌌,La Leyenda Eterna
1053 👑🏎️🧩,La Cancion Profunda
1054 🪄🌋🚢,La Pacto Sombria
1055 🎬🎬🎬,La Horizonte Invisible
1056 🎭💥🦈,La Pacto Infinita
1057 🎟️🧙‍♂️🏔️,La Busqueda Oculta
1058 📽️🚢🎥,La Cancion Azul
1059 🎞️🏝️🤖,La Ciudad Roja
1060 🎥🎭🎩,La Luz Silenciosa
1061 🌟🧩🦁,La Selva Perdida
1062 💥🧚‍♀️⚔️,La Isla Azul
1063 🧩🏹🎟️,La Luz Misteriosa
1064 🎯🌌🧚‍♀️,La Luz Azul
1065 🦁🎟️🏝️,La Travesia Sombria
1066 🐼🎯💥,La Tormenta Valiente
1067 🦖🕵️‍♂️🏎️,La Mision Misteriosa
1068 🦈⚔️🪄,La Destino Epica
1069 🧙‍♂️🔮🦖,La Sombra Perdida
1070 🧚‍♀️📽️🗺️,La Pacto Azul
1071 🕵️‍♂️🦁🎞️,La Mirada Silenciosa
1072 👽👽👽,La Oraculo Azul
1073 🤖🛡️🔮,La Isla Salvaje
1074 🚀🎩🎯,La Mision Encantada
1075 🏎️🎞️🏹,La Horizonte Dorada
1076 🚢🐼🎭,La Camino Profunda
1077 🏹🤖🧙‍♂️,La Leyenda Invisible
1078 ⚔️🗺️🌋,La Montana Radiante
1079 🛡️👑🌟,La Oraculo Imposible
1080 🗺️🎥🚀,La Oraculo Radiante
1081 🏔️🦖👑,La Montana Oscura
1082 🌋🚀🐼,La Leyenda Dorada
1083 🏝️🏔️🛡️,La Historia Sombria
1084 🌌🪄📽️,La Camino Dorada
1085 🔮🌟🕵️‍♂️,La Pacto Sagrada
1086 🎩🦈🌌,La Travesia Radiante
1087 👑🏎️🧩,La Tormenta Radiante
1088 🪄🌋🚢,La Puerta Azul
1089 🎬🎬🎬,La Ciudad Salvaje
1090 🎭💥🦈,La Profecia Silenciosa
1091 🎟️🧙‍♂️🏔️,La Memoria Valiente
1092 📽️🚢🎥,La Mision Lejana
1093 🎞️🏝️🤖,La Cancion Eterna
1094 🎥🎭🎩,La Promesa Perdida
1095 🌟🧩🦁,La Leyenda Perdida
1096 💥🧚‍♀️⚔️,La Luz Eterna
1097 🧩🏹🎟️,La Tormenta Invisible
1098 🎯🌌🧚‍♀️,La Memoria Perdida
1099 🦁🎟️🏝️,La Camino Lejana
1100 🐼🎯💥,La Tormenta Salvaje
1101 🦖🕵️‍♂️🏎️,La Leyenda Sombria
1102 🦈⚔️🪄,La Mision Brillante
1103 🧙‍♂️🔮🦖,La Oraculo Misteriosa
1104 🧚‍♀️📽️🗺️,La Destino Brillante
1105 🕵️‍♂️🦁🎞️,La Mision Invisible
1106 👽👽👽,La Pacto Valiente
1107 🤖🛡️🔮,La Odisea Silenciosa
1108 🚀🎩🎯,La Busqueda Azul
1109 🏎️🎞️🏹,La Busqueda Secreta
1110 🚢🐼🎭,La Cancion Valiente
1111 🏹🤖🧙‍♂️,La Pacto Brillante
1112 ⚔️🗺️🌋,La Mirada Epica
1113 🛡️👑🌟,La Historia Remota
1114 🗺️🎥🚀,La Busqueda Imposible
1115 🏔️🦖👑,La Isla Misteriosa
1116 🌋🚀🐼,La Cancion Profunda
1117 🏝️🏔️🛡️,La Destino Infinita
1118 🌌🪄📽️,La Selva Brillante
1119 🔮🌟🕵️‍♂️,La Aventura Perdida
1120 🎩🦈🌌,La Busqueda Fantastica
1121 👑🏎️🧩,La Promesa Oscura
1122 🪄🌋🚢,La Puerta Serena
1123 🎬🎬🎬,La Leyenda Oculta
1124 🎭💥🦈,La Oraculo Serena
1125 🎟️🧙‍♂️🏔️,La Tormenta Encantada
1126 📽️🚢🎥,La Luz Epica
1127 🎞️🏝️🤖,La Profecia Infinita
1128 🎥🎭🎩,La Destino Misteriosa
1129 🌟🧩🦁,La Montana Misteriosa
1130 💥🧚‍♀️⚔️,La Isla Encantada
1131 🧩🏹🎟️,La Sombra Silenciosa
1132 🎯🌌🧚‍♀️,La Luz Remota
1133 🦁🎟️🏝️,La Mision Sombria
1134 🐼🎯💥,La Luz Eterna
1135 🦖🕵️‍♂️🏎️,La Odisea Salvaje
1136 🦈⚔️🪄,La Profecia Eterna
1137 🧙‍♂️🔮🦖,La Tormenta Infinita
1138 🧚‍♀️📽️🗺️,La Frontera Remota
1139 🕵️‍♂️🦁🎞️,La Camino Secreta
1140 👽👽👽,La Camino Roja
1141 🤖🛡️🔮,La Memoria Epica
1142 🚀🎩🎯,La Odisea Oscura
1143 🏎️🎞️🏹,La Promesa Sombria
1144 🚢🐼🎭,La Luz Invisible
1145 🏹🤖🧙‍♂️,La Busqueda Salvaje
1146 ⚔️🗺️🌋,La Destino Remota
1147 🛡️👑🌟,La Travesia Brillante
1148 🗺️🎥🚀,La Promesa Oscura
1149 🏔️🦖👑,La Travesia Radiante
1150 🌋🚀🐼,La Ciudad Oscura
1151 🏝️🏔️🛡️,La Mision Serena
1152 🌌🪄📽️,La Cancion Dorada
1153 🔮🌟🕵️‍♂️,La Frontera Salvaje
1154 🎩🦈🌌,La Ruta Invisible
1155 👑🏎️🧩,La Mision Profunda
1156 🪄🌋🚢,La Puerta Brillante
1157 🎬🎬🎬,La Luz Salvaje
1158 🎭💥🦈,La Luz Sagrada
1159 🎟️🧙‍♂️🏔️,La Horizonte Lejana
1160 📽️🚢🎥,La Sombra Silenciosa
1161 🎞️🏝️🤖,La Cancion Oculta
1162 🎥🎭🎩,La Promesa Profunda
1163 🌟🧩🦁,La Aventura Silenciosa
1164 💥🧚‍♀️⚔️,La Odisea Profunda
1165 🧩🏹🎟️,La Selva Salvaje
1166 🎯🌌🧚‍♀️,La Ruta Salvaje
1167 🦁🎟️🏝️,La Odisea Silenciosa
1168 🐼🎯💥,La Pacto Imposible
1169 🦖🕵️‍♂️🏎️,La Destino Radiante
1170 🦈⚔️🪄,La Tormenta Perdida
1171 🧙‍♂️🔮🦖,La Mision Imposible
1172 🧚‍♀️📽️🗺️,La Memoria Encantada
1173 🕵️‍♂️🦁🎞️,La Leyenda Fantastica
1174 👽👽👽,La Memoria Profunda
1175 🤖🛡️🔮,La Cancion Sombria
1176 🚀🎩🎯,La Horizonte Brillante
1177 🏎️🎞️🏹,La Montana Salvaje
1178 🚢🐼🎭,La Promesa Profunda
1179 🏹🤖🧙‍♂️,La Profecia Azul
1180 ⚔️🗺️🌋,La Mision Brillante
1181 🛡️👑🌟,La Selva Remota
1182 🗺️🎥🚀,La Ciudad Invisible
1183 🏔️🦖👑,La Ciudad Serena
1184 🌋🚀🐼,La Puerta Brillante
1185 🏝️🏔️🛡️,La Camino Misteriosa
1186 🌌🪄📽️,La Montana Silenciosa
1187 🔮🌟🕵️‍♂️,La Horizonte Fantastica
1188 🎩🦈🌌,La Horizonte Oculta
1189 👑🏎️🧩,La Destino Invisible
1190 🪄🌋🚢,La Ciudad Infinita
1191 🎬🎬🎬,La Puerta Oscura
1192 🎭💥🦈,La Mirada Dorada
1193 🎟️🧙‍♂️🏔️,La Destino Sombria
1194 📽️🚢🎥,La Leyenda Roja
1195 🎞️🏝️🤖,La Aventura Dorada
1196 🎥🎭🎩,La Travesia Perdida
1197 🌟🧩🦁,La Mirada Serena
1198 💥🧚‍♀️⚔️,La Aventura Profunda
1199 🧩🏹🎟️,La Ciudad Infinita
1200 🎯🌌🧚‍♀️,La Travesia Dorada
1201 🦁🎟️🏝️,La Mision Dorada
1202 🐼🎯💥,La Profecia Salvaje
1203 🦖🕵️‍♂️🏎️,La Leyenda Lejana
1204 🦈⚔️🪄,La Ruta Dorada
1205 🧙‍♂️🔮🦖,La Horizonte Oculta
1206 🧚‍♀️📽️🗺️,La Historia Secreta
1207 🕵️‍♂️🦁🎞️,La Mision Misteriosa
1208 👽👽👽,La Camino Roja
1209 🤖🛡️🔮,La Ruta Infinita
1210 🚀🎩🎯,La Sombra Epica
1211 🏎️🎞️🏹,La Cancion Misteriosa
1212 🚢🐼🎭,La Puerta Remota
1213 🏹🤖🧙‍♂️,La Aventura Profunda
1214 ⚔️🗺️🌋,La Cancion Oculta
1215 🛡️👑🌟,La Historia Oculta
1216 🗺️🎥🚀,La Ciudad Sombria
1217 🏔️🦖👑,La Horizonte Serena
1218 🌋🚀🐼,La Ruta Secreta
1219 🏝️🏔️🛡️,La Oraculo Fantastica
1220 🌌🪄📽️,La Montana Roja
1221 🔮🌟🕵️‍♂️,La Mirada Encantada
1222 🎩🦈🌌,La Isla Infinita
1223 👑🏎️🧩,La Tormenta Oculta
1224 🪄🌋🚢,La Promesa Azul
1225 🎬🎬🎬,La Tormenta Remota
1226 🎭💥🦈,La Profecia Dorada
1227 🎟️🧙‍♂️🏔️,La Ruta Radiante
1228 📽️🚢🎥,La Historia Oscura
1229 🎞️🏝️🤖,La Tormenta Infinita
1230 🎥🎭🎩,La Horizonte Remota
1231 🌟🧩🦁,La Horizonte Epica
1232 💥🧚‍♀️⚔️,La Mirada Imposible
1233 🧩🏹🎟️,La Mision Profunda
1234 🎯🌌🧚‍♀️,La Promesa Epica
1235 🦁🎟️🏝️,La Selva Misteriosa
1236 🐼🎯💥,La Pacto Encantada
1237 🦖🕵️‍♂️🏎️,La Montana Encantada
1238 🦈⚔️🪄,La Cancion Remota
1239 🧙‍♂️🔮🦖,La Historia Profunda
1240 🧚‍♀️📽️🗺️,La Pacto Sagrada
1241 🕵️‍♂️🦁🎞️,La Historia Silenciosa
1242 👽👽👽,La Aventura Secreta
1243 🤖🛡️🔮,La Pacto Brillante
1244 🚀🎩🎯,La Busqueda Roja
1245 🏎️🎞️🏹,La Profecia Misteriosa
1246 🚢🐼🎭,La Horizonte Lejana
1247 🏹🤖🧙‍♂️,La Selva Sagrada
1248 ⚔️🗺️🌋,La Pacto Secreta
1249 🛡️👑🌟,La Puerta Oscura
1250 🗺️🎥🚀,La Cancion Fantastica
1251 🏔️🦖👑,La Horizonte Remota
1252 🌋🚀🐼,La Horizonte Perdida
1253 🏝️🏔️🛡️,La Puerta Dorada
1254 🌌🪄📽️,La Ciudad Eterna
1255 🔮🌟🕵️‍♂️,La Travesia Silenciosa
1256 🎩🦈🌌,La Destino Oscura
1257 👑🏎️🧩,La Selva Secreta
1258 🪄🌋🚢,La Puerta Epica
1259 🎬🎬🎬,La Ruta Oscura
1260 🎭💥🦈,La Puerta Radiante
1261 🎟️🧙‍♂️🏔️,La Selva Sagrada
1262 📽️🚢🎥,La Mision Epica
1263 🎞️🏝️🤖,La Camino Epica
1264 🎥🎭🎩,La Isla Valiente
1265 🌟🧩🦁,La Leyenda Radiante
1266 💥🧚‍♀️⚔️,La Montana Radiante
1267 🧩🏹🎟️,La Historia Fantastica
1268 🎯🌌🧚‍♀️,La Mirada Serena
1269 🦁🎟️🏝️,La Profecia Radiante
1270 🐼🎯💥,La Montana Secreta
1271 🦖🕵️‍♂️🏎️,La Selva Radiante
1272 🦈⚔️🪄,La Cancion Epica
1273 🧙‍♂️🔮🦖,La Historia Remota
1274 🧚‍♀️📽️🗺️,La Isla Oculta
1275 🕵️‍♂️🦁🎞️,La Puerta Sombria
1276 👽👽👽,La Historia Infinita
1277 🤖🛡️🔮,La Oraculo Epica
1278 🚀🎩🎯,La Puerta Sagrada
1279 🏎️🎞️🏹,La Ciudad Silenciosa
1280 🚢🐼🎭,La Horizonte Infinita
1281 🏹🤖🧙‍♂️,La Horizonte Roja
1282 ⚔️🗺️🌋,La Ciudad Radiante
1283 🛡️👑🌟,La Isla Infinita
1284 🗺️🎥🚀,La Pacto Silenciosa
1285 🏔️🦖👑,La Odisea Remota
1286 🌋🚀🐼,La Ciudad Eterna
1287 🏝️🏔️🛡️,La Luz Oculta
1288 🌌🪄📽️,La Montana Roja
1289 🔮🌟🕵️‍♂️,La Travesia Perdida
1290 🎩🦈🌌,La Mirada Azul
1291 👑🏎️🧩,La Oraculo Remota
1292 🪄🌋🚢,La Profecia Dorada
1293 🎬🎬🎬,La Luz Radiante
1294 🎭💥🦈,La Odisea Dorada
1295 🎟️🧙‍♂️🏔️,La Ruta Perdida
1296 📽️🚢🎥,La Tormenta Imposible
1297 🎞️🏝️🤖,La Selva Encantada
1298 🎥🎭🎩,La Mision Dorada
1299 🌟🧩🦁,La Isla Perdida
1300 💥🧚‍♀️⚔️,La Destino Sagrada
1301 🧩🏹🎟️,La Ruta Perdida
1302 🎯🌌🧚‍♀️,La Aventura Oscura
1303 🦁🎟️🏝️,La Aventura Profunda
1304 🐼🎯💥,La Horizonte Perdida
1305 🦖🕵️‍♂️🏎️,La Sombra Silenciosa
1306 🦈⚔️🪄,La Leyenda Epica
1307 🧙‍♂️🔮🦖,La Leyenda Profunda
1308 🧚‍♀️📽️🗺️,La Sombra Fantastica
1309 🕵️‍♂️🦁🎞️,La Cancion Silenciosa
1310 👽👽👽,La Pacto Serena
1311 🤖🛡️🔮,La Isla Oculta
1312 🚀🎩🎯,La Tormenta Azul
1313 🏎️🎞️🏹,La Mirada Profunda
1314 🚢🐼🎭,La Horizonte Silenciosa
1315 🏹🤖🧙‍♂️,La Frontera Epica
1316 ⚔️🗺️🌋,La Travesia Sombria
1317 🛡️👑🌟,La Montana Serena
1318 🗺️🎥🚀,La Horizonte Eterna
1319 🏔️🦖👑,La Memoria Invisible
1320 🌋🚀🐼,La Puerta Oculta
1321 🏝️🏔️🛡️,La Tormenta Brillante
1322 🌌🪄📽️,La Travesia Lejana
1323 🔮🌟🕵️‍♂️,La Cancion Silenciosa
1324 🎩🦈🌌,La Busqueda Eterna
1325 👑🏎️🧩,La Leyenda Brillante
1326 🪄🌋🚢,La Mirada Perdida
1327 🎬🎬🎬,La Memoria Encantada
1328 🎭💥🦈,La Profecia Invisible
1329 🎟️🧙‍♂️🏔️,La Destino Invisible
1330 📽️🚢🎥,La Destino Misteriosa
1331 🎞️🏝️🤖,La Mision Lejana
1332 🎥🎭🎩,La Busqueda Misteriosa
1333 🌟🧩🦁,La Historia Sagrada
1334 💥🧚‍♀️⚔️,La Aventura Epica
1335 🧩🏹🎟️,La Horizonte Secreta
1336 🎯🌌🧚‍♀️,La Montana Epica
1337 🦁🎟️🏝️,La Frontera Imposible
1338 🐼🎯💥,La Isla Epica
1339 🦖🕵️‍♂️🏎️,La Memoria Misteriosa
1340 🦈⚔️🪄,La Memoria Dorada
1341 🧙‍♂️🔮🦖,La Pacto Profunda
1342 🧚‍♀️📽️🗺️,La Cancion Infinita
1343 🕵️‍♂️🦁🎞️,La Sombra Remota
1344 👽👽👽,La Odisea Profunda
1345 🤖🛡️🔮,La Tormenta Roja
1346 🚀🎩🎯,La Leyenda Imposible
1347 🏎️🎞️🏹,La Travesia Secreta
1348 🚢🐼🎭,La Mirada Lejana
1349 🏹🤖🧙‍♂️,La Selva Salvaje
1350 ⚔️🗺️🌋,La Puerta Azul
1351 🛡️👑🌟,La Travesia Brillante
1352 🗺️🎥🚀,La Mirada Roja
1353 🏔️🦖👑,La Oraculo Dorada
1354 🌋🚀🐼,La Horizonte Secreta
1355 🏝️🏔️🛡️,La Memoria Imposible
1356 🌌🪄📽️,La Odisea Sagrada
1357 🔮🌟🕵️‍♂️,La Pacto Roja
1358 🎩🦈🌌,La Ruta Oscura
1359 👑🏎️🧩,La Leyenda Dorada
1360 🪄🌋🚢,La Aventura Serena
1361 🎬🎬🎬,La Travesia Brillante
1362 🎭💥🦈,La Ruta Secreta
1363 🎟️🧙‍♂️🏔️,La Busqueda Oscura
1364 📽️🚢🎥,La Memoria Roja
1365 🎞️🏝️🤖,La Montana Roja
1366 🎥🎭🎩,La Puerta Azul
1367 🌟🧩🦁,La Odisea Remota
1368 💥🧚‍♀️⚔️,La Historia Salvaje
1369 🧩🏹🎟️,La Camino Dorada
1370 🎯🌌🧚‍♀️,La Montana Serena
1371 🦁🎟️🏝️,La Mirada Sombria
1372 🐼🎯💥,La Ciudad Valiente
1373 🦖🕵️‍♂️🏎️,La Cancion Salvaje
1374 🦈⚔️🪄,La Destino Profunda
1375 🧙‍♂️🔮🦖,La Montana Brillante
1376 🧚‍♀️📽️🗺️,La Aventura Sagrada
1377 🕵️‍♂️🦁🎞️,La Travesia Imposible
1378 👽👽👽,La Odisea Remota
1379 🤖🛡️🔮,La Promesa Fantastica
1380 🚀🎩🎯,La Busqueda Brillante
1381 🏎️🎞️🏹,La Selva Imposible
1382 🚢🐼🎭,La Puerta Profunda
1383 🏹🤖🧙‍♂️,La Busqueda Oscura
1384 ⚔️🗺️🌋,La Pacto Lejana
1385 🛡️👑🌟,La Aventura Sagrada
1386 🗺️🎥🚀,La Horizonte Sagrada
1387 🏔️🦖👑,La Busqueda Perdida
1388 🌋🚀🐼,La Luz Silenciosa
1389 🏝️🏔️🛡️,La Destino Valiente
1390 🌌🪄📽️,La Luz Secreta
1391 🔮🌟🕵️‍♂️,La Ruta Fantastica
1392 🎩🦈🌌,La Isla Serena
1393 👑🏎️🧩,La Travesia Profunda
1394 🪄🌋🚢,La Frontera Profunda
1395 🎬🎬🎬,La Ruta Lejana
1396 🎭💥🦈,La Selva Azul
1397 🎟️🧙‍♂️🏔️,La Destino Misteriosa
1398 📽️🚢🎥,La Profecia Salvaje
1399 🎞️🏝️🤖,La Montana Encantada
1400 🎥🎭🎩,La Sombra Secreta
1401 🌟🧩🦁,La Ciudad Perdida
1402 💥🧚‍♀️⚔️,La Oraculo Valiente
1403 🧩🏹🎟️,La Camino Dorada
1404 🎯🌌🧚‍♀️,La Promesa Brillante
1405 🦁🎟️🏝️,La Profecia Roja
1406 🐼🎯💥,La Busqueda Azul
1407 🦖🕵️‍♂️🏎️,La Aventura Serena
1408 🦈⚔️🪄,La Ciudad Roja
1409 🧙‍♂️🔮🦖,La Sombra Valiente
1410 🧚‍♀️📽️🗺️,La Puerta Invisible
1411 🕵️‍♂️🦁🎞️,La Selva Fantastica
1412 👽👽👽,La Oraculo Oscura
1413 🤖🛡️🔮,La Ciudad Oscura
1414 🚀🎩🎯,La Mision Silenciosa
1415 🏎️🎞️🏹,La Camino Brillante
1416 🚢🐼🎭,La Luz Azul
1417 🏹🤖🧙‍♂️,La Profecia Silenciosa
1418 ⚔️🗺️🌋,La Tormenta Fantastica
1419 🛡️👑🌟,La Travesia Encantada
1420 🗺️🎥🚀,La Leyenda Perdida
1421 🏔️🦖👑,La Frontera Oculta
1422 🌋🚀🐼,La Frontera Perdida
1423 🏝️🏔️🛡️,La Oraculo Imposible
1424 🌌🪄📽️,La Mirada Invisible
1425 🔮🌟🕵️‍♂️,La Promesa Secreta
1426 🎩🦈🌌,La Ruta Lejana
1427 👑🏎️🧩,La Promesa Sombria
1428 🪄🌋🚢,La Ciudad Sagrada
1429 🎬🎬🎬,La Promesa Salvaje
1430 🎭💥🦈,La Destino Valiente
1431 🎟️🧙‍♂️🏔️,La Selva Invisible
1432 📽️🚢🎥,La Cancion Serena
1433 🎞️🏝️🤖,La Travesia Roja
1434 🎥🎭🎩,La Destino Fantastica
1435 🌟🧩🦁,La Oraculo Imposible
1436 💥🧚‍♀️⚔️,La Travesia Sagrada
1437 🧩🏹🎟️,La Promesa Encantada
1438 🎯🌌🧚‍♀️,La Ruta Imposible
1439 🦁🎟️🏝️,La Leyenda Misteriosa
1440 🐼🎯💥,La Tormenta Secreta
1441 🦖🕵️‍♂️🏎️,La Busqueda Brillante
1442 🦈⚔️🪄,La Frontera Imposible
1443 🧙‍♂️🔮🦖,La Mision Dorada
1444 🧚‍♀️📽️🗺️,La Ruta Valiente
1445 🕵️‍♂️🦁🎞️,La Selva Imposible
1446 👽👽👽,La Mirada Silenciosa
1447 🤖🛡️🔮,La Pacto Imposible
1448 🚀🎩🎯,La Luz Brillante
1449 🏎️🎞️🏹,La Frontera Radiante
1450 🚢🐼🎭,La Promesa Azul
1451 🏹🤖🧙‍♂️,La Memoria Infinita
1452 ⚔️🗺️🌋,La Aventura Sagrada
1453 🛡️👑🌟,La Selva Serena
1454 🗺️🎥🚀,La Sombra Dorada
1455 🏔️🦖👑,La Montana Oscura
1456 🌋🚀🐼,La Sombra Silenciosa
1457 🏝️🏔️🛡️,La Mision Roja
1458 🌌🪄📽️,La Historia Infinita
1459 🔮🌟🕵️‍♂️,La Pacto Eterna
1460 🎩🦈🌌,La Puerta Secreta
1461 👑🏎️🧩,La Pacto Imposible
1462 🪄🌋🚢,La Mirada Lejana
1463 🎬🎬🎬,La Sombra Lejana
1464 🎭💥🦈,La Destino Epica
1465 🎟️🧙‍♂️🏔️,La Profecia Radiante
1466 📽️🚢🎥,La Mirada Oculta
1467 🎞️🏝️🤖,La Ciudad Remota
1468 🎥🎭🎩,La Tormenta Eterna
1469 🌟🧩🦁,La Frontera Silenciosa
1470 💥🧚‍♀️⚔️,La Travesia Dorada
1471 🧩🏹🎟️,La Busqueda Sagrada
1472 🎯🌌🧚‍♀️,La Oraculo Dorada
1473 🦁🎟️🏝️,La Frontera Roja
1474 🐼🎯💥,La Odisea Dorada
1475 🦖🕵️‍♂️🏎️,La Mirada Invisible
1476 🦈⚔️🪄,La Mirada Invisible
1477 🧙‍♂️🔮🦖,La Pacto Misteriosa
1478 🧚‍♀️📽️🗺️,La Destino Misteriosa
1479 🕵️‍♂️🦁🎞️,La Historia Infinita
1480 👽👽👽,La Frontera Radiante
1481 🤖🛡️🔮,La Montana Remota
1482 🚀🎩🎯,La Ruta Azul
1483 🏎️🎞️🏹,La Ciudad Eterna
1484 🚢🐼🎭,La Pacto Fantastica
1485 🏹🤖🧙‍♂️,La Montana Eterna
1486 ⚔️🗺️🌋,La Horizonte Radiante
1487 🛡️👑🌟,La Ciudad Profunda
1488 🗺️🎥🚀,La Mirada Imposible
1489 🏔️🦖👑,La Montana Secreta
1490 🌋🚀🐼,La Oraculo Infinita
1491 🏝️🏔️🛡️,La Horizonte Secreta
1492 🌌🪄📽️,La Ruta Valiente
1493 🔮🌟🕵️‍♂️,La Luz Oculta
1494 🎩🦈🌌,La Selva Dorada
1495 👑🏎️🧩,La Busqueda Sagrada
1496 🪄🌋🚢,La Sombra Encantada
1497 🎬🎬🎬,La Odisea Salvaje
1498 🎭💥🦈,La Sombra Imposible
1499 🎟️🧙‍♂️🏔️,La Sombra Silenciosa
1500 📽️🚢🎥,La Camino Azul
1501 🎞️🏝️🤖,La Profecia Serena
1502 🎥🎭🎩,La Travesia Infinita
1503 🌟🧩🦁,La Ruta Silenciosa
1504 💥🧚‍♀️⚔️,La Destino Dorada
1505 🧩🏹🎟️,La Camino Silenciosa
1506 🎯🌌🧚‍♀️,La Frontera Brillante
1507 🦁🎟️🏝️,La Pacto Oculta
1508 🐼🎯💥,La Promesa Profunda
1509 🦖🕵️‍♂️🏎️,La Ciudad Secreta
1510 🦈⚔️🪄,La Isla Valiente
1511 🧙‍♂️🔮🦖,La Tormenta Radiante
1512 🧚‍♀️📽️🗺️,La Montana Roja
1513 🕵️‍♂️🦁🎞️,La Leyenda Remota
1514 👽👽👽,La Odisea Azul
1515 🤖🛡️🔮,La Memoria Eterna
1516 🚀🎩🎯,La Profecia Remota
1517 🏎️🎞️🏹,La Oraculo Valiente
1518 🚢🐼🎭,La Tormenta Valiente
1519 🏹🤖🧙‍♂️,La Aventura Remota
1520 ⚔️🗺️🌋,La Camino Fantastica
1521 🛡️👑🌟,La Ruta Dorada
1522 🗺️🎥🚀,La Profecia Salvaje
1523 🏔️🦖👑,La Puerta Secreta
1524 🌋🚀🐼,La Leyenda Misteriosa
1525 🏝️🏔️🛡️,La Cancion Secreta
1526 🌌🪄📽️,La Destino Valiente
1527 🔮🌟🕵️‍♂️,La Leyenda Eterna
1528 🎩🦈🌌,La Ciudad Lejana
1529 👑🏎️🧩,La Busqueda Epica
1530 🪄🌋🚢,La Destino Sagrada
1531 🎬🎬🎬,La Tormenta Fantastica
1532 🎭💥🦈,La Montana Remota
1533 🎟️🧙‍♂️🏔️,La Camino Valiente
1534 📽️🚢🎥,La Puerta Misteriosa
1535 🎞️🏝️🤖,La Cancion Remota
1536 🎥🎭🎩,La Memoria Valiente
1537 🌟🧩🦁,La Aventura Infinita
1538 💥🧚‍♀️⚔️,La Montana Secreta
1539 🧩🏹🎟️,La Frontera Roja
1540 🎯🌌🧚‍♀️,La Ruta Epica
1541 🦁🎟️🏝️,La Horizonte Salvaje
1542 🐼🎯💥,La Busqueda Infinita
1543 🦖🕵️‍♂️🏎️,La Promesa Oculta
1544 🦈⚔️🪄,La Horizonte Remota
1545 🧙‍♂️🔮🦖,La Camino Brillante
1546 🧚‍♀️📽️🗺️,La Montana Perdida
1547 🕵️‍♂️🦁🎞️,La Mirada Sagrada
1548 👽👽👽,La Busqueda Lejana
1549 🤖🛡️🔮,La Puerta Oscura
1550 🚀🎩🎯,La Leyenda Eterna
1551 🏎️🎞️🏹,La Historia Lejana
1552 🚢🐼🎭,La Travesia Remota
1553 🏹🤖🧙‍♂️,La Oraculo Dorada
1554 ⚔️🗺️🌋,La Promesa Lejana
1555 🛡️👑🌟,La Camino Imposible
1556 🗺️🎥🚀,La Ruta Brillante
1557 🏔️🦖👑,La Busqueda Serena
1558 🌋🚀🐼,La Puerta Profunda
1559 🏝️🏔️🛡️,La Leyenda Oculta
1560 🌌🪄📽️,La Promesa Epica
1561 🔮🌟🕵️‍♂️,La Destino Lejana
1562 🎩🦈🌌,La Promesa Serena
1563 👑🏎️🧩,La Selva Perdida
1564 🪄🌋🚢,La Mirada Profunda
1565 🎬🎬🎬,La Travesia Encantada
1566 🎭💥🦈,La Mision Eterna
1567 🎟️🧙‍♂️🏔️,La Ciudad Invisible
1568 📽️🚢🎥,La Frontera Perdida
1569 🎞️🏝️🤖,La Memoria Encantada
1570 🎥🎭🎩,La Camino Azul
1571 🌟🧩🦁,La Odisea Oculta
1572 💥🧚‍♀️⚔️,La Ruta Serena
1573 🧩🏹🎟️,La Sombra Perdida
1574 🎯🌌🧚‍♀️,La Cancion Azul
1575 🦁🎟️🏝️,La Profecia Roja
1576 🐼🎯💥,La Tormenta Remota
1577 🦖🕵️‍♂️🏎️,La Frontera Dorada
1578 🦈⚔️🪄,La Pacto Perdida
1579 🧙‍♂️🔮🦖,La Busqueda Encantada
1580 🧚‍♀️📽️🗺️,La Isla Silenciosa
1581 🕵️‍♂️🦁🎞️,La Profecia Oculta
1582 👽👽👽,La Puerta Eterna
1583 🤖🛡️🔮,La Historia Silenciosa
1584 🚀🎩🎯,La Odisea Fantastica
1585 🏎️🎞️🏹,La Memoria Secreta
1586 🚢🐼🎭,La Travesia Serena
1587 🏹🤖🧙‍♂️,La Montana Fantastica
1588 ⚔️🗺️🌋,La Isla Oscura
1589 🛡️👑🌟,La Puerta Misteriosa
1590 🗺️🎥🚀,La Memoria Epica
1591 🏔️🦖👑,La Horizonte Invisible
1592 🌋🚀🐼,La Sombra Sagrada
1593 🏝️🏔️🛡️,La Ruta Silenciosa
1594 🌌🪄📽️,La Frontera Roja
1595 🔮🌟🕵️‍♂️,La Profecia Eterna
1596 🎩🦈🌌,La Destino Brillante
1597 👑🏎️🧩,La Oraculo Lejana
1598 🪄🌋🚢,La Destino Lejana
1599 🎬🎬🎬,La Montana Brillante
1600 🎭💥🦈,La Mision Invisible
1601 🎟️🧙‍♂️🏔️,La Mision Secreta
1602 📽️🚢🎥,La Puerta Oscura
1603 🎞️🏝️🤖,La Travesia Epica
1604 🎥🎭🎩,La Montana Roja
1605 🌟🧩🦁,La Travesia Dorada
1606 💥🧚‍♀️⚔️,La Busqueda Valiente
1607 🧩🏹🎟️,La Sombra Epica
1608 🎯🌌🧚‍♀️,La Aventura Eterna
1609 🦁🎟️🏝️,La Luz Oculta
1610 🐼🎯💥,La Aventura Lejana
1611 🦖🕵️‍♂️🏎️,La Isla Infinita
1612 🦈⚔️🪄,La Destino Fantastica
1613 🧙‍♂️🔮🦖,La Isla Profunda
1614 🧚‍♀️📽️🗺️,La Isla Infinita
1615 🕵️‍♂️🦁🎞️,La Ciudad Salvaje
1616 👽👽👽,La Mirada Epica
1617 🤖🛡️🔮,La Odisea Sombria
1618 🚀🎩🎯,La Isla Misteriosa
1619 🏎️🎞️🏹,La Promesa Radiante
1620 🚢🐼🎭,La Camino Invisible
1621 🏹🤖🧙‍♂️,La Busqueda Infinita
1622 ⚔️🗺️🌋,La Ruta Serena
1623 🛡️👑🌟,La Memoria Invisible
1624 🗺️🎥🚀,La Cancion Azul
1625 🏔️🦖👑,La Ruta Epica
1626 🌋🚀🐼,La Selva Azul
1627 🏝️🏔️🛡️,La Selva Brillante
1628 🌌🪄📽️,La Historia Imposible
1629 🔮🌟🕵️‍♂️,La Aventura Sombria
1630 🎩🦈🌌,La Frontera Serena
1631 👑🏎️🧩,La Isla Dorada
1632 🪄🌋🚢,La Leyenda Sagrada
1633 🎬🎬🎬,La Ruta Silenciosa
1634 🎭💥🦈,La Oraculo Oculta
1635 🎟️🧙‍♂️🏔️,La Leyenda Brillante
1636 📽️🚢🎥,La Frontera Salvaje
1637 🎞️🏝️🤖,La Frontera Sagrada
1638 🎥🎭🎩,La Odisea Sagrada
1639 🌟🧩🦁,La Ruta Sombria
1640 💥🧚‍♀️⚔️,La Horizonte Oscura
1641 🧩🏹🎟️,La Leyenda Azul
1642 🎯🌌🧚‍♀️,La Travesia Azul
1643 🦁🎟️🏝️,La Puerta Sombria
1644 🐼🎯💥,La Memoria Azul
1645 🦖🕵️‍♂️🏎️,La Profecia Encantada
1646 🦈⚔️🪄,La Odisea Infinita
1647 🧙‍♂️🔮🦖,La Puerta Valiente
1648 🧚‍♀️📽️🗺️,La Tormenta Profunda
1649 🕵️‍♂️🦁🎞️,La Profecia Fantastica
1650 👽👽👽,La Ciudad Infinita
1651 🤖🛡️🔮,La Leyenda Misteriosa
1652 🚀🎩🎯,La Montana Profunda
1653 🏎️🎞️🏹,La Sombra Silenciosa
1654 🚢🐼🎭,La Cancion Valiente
1655 🏹🤖🧙‍♂️,La Profecia Silenciosa
1656 ⚔️🗺️🌋,La Aventura Encantada
1657 🛡️👑🌟,La Horizonte Imposible
1658 🗺️🎥🚀,La Mision Perdida
1659 🏔️🦖👑,La Busqueda Perdida
1660 🌋🚀🐼,La Luz Invisible
1661 🏝️🏔️🛡️,La Sombra Imposible
1662 🌌🪄📽️,La Ciudad Perdida
1663 🔮🌟🕵️‍♂️,La Isla Roja
1664 🎩🦈🌌,La Aventura Silenciosa
1665 👑🏎️🧩,La Aventura Perdida
1666 🪄🌋🚢,La Tormenta Azul
1667 🎬🎬🎬,La Mision Oscura
1668 🎭💥🦈,La Horizonte Perdida
1669 🎟️🧙‍♂️🏔️,La Busqueda Azul
1670 📽️🚢🎥,La Isla Perdida
1671 🎞️🏝️🤖,La Horizonte Profunda
1672 🎥🎭🎩,La Montana Salvaje
1673 🌟🧩🦁,La Leyenda Sagrada
1674 💥🧚‍♀️⚔️,La Luz Epica
1675 🧩🏹🎟️,La Mirada Valiente
1676 🎯🌌🧚‍♀️,La Oraculo Serena
1677 🦁🎟️🏝️,La Aventura Silenciosa
1678 🐼🎯💥,La Aventura Roja
1679 🦖🕵️‍♂️🏎️,La Travesia Salvaje
1680 🦈⚔️🪄,La Leyenda Salvaje
1681 🧙‍♂️🔮🦖,La Profecia Secreta
1682 🧚‍♀️📽️🗺️,La Travesia Imposible
1683 🕵️‍♂️🦁🎞️,La Horizonte Salvaje
1684 👽👽👽,La Profecia Invisible
1685 🤖🛡️🔮,La Cancion Infinita
1686 🚀🎩🎯,La Horizonte Oscura
1687 🏎️🎞️🏹,La Frontera Dorada
1688 🚢🐼🎭,La Cancion Brillante
1689 🏹🤖🧙‍♂️,La Luz Sagrada
1690 ⚔️🗺️🌋,La Memoria Silenciosa
1691 🛡️👑🌟,La Tormenta Lejana
1692 🗺️🎥🚀,La Destino Silenciosa
1693 🏔️🦖👑,La Selva Perdida
1694 🌋🚀🐼,La Profecia Profunda
1695 🏝️🏔️🛡️,La Odisea Oscura
1696 🌌🪄📽️,La Ruta Secreta
1697 🔮🌟🕵️‍♂️,La Odisea Sombria
1698 🎩🦈🌌,La Profecia Sombria
1699 👑🏎️🧩,La Tormenta Invisible
1700 🪄🌋🚢,La Promesa Serena
1701 🎬🎬🎬,La Ruta Secreta
1702 🎭💥🦈,La Profecia Serena
1703 🎟️🧙‍♂️🏔️,La Pacto Azul
1704 📽️🚢🎥,La Profecia Silenciosa
1705 🎞️🏝️🤖,La Camino Dorada
1706 🎥🎭🎩,La Camino Salvaje
1707 🌟🧩🦁,La Horizonte Encantada
1708 💥🧚‍♀️⚔️,La Profecia Remota
1709 🧩🏹🎟️,La Destino Valiente
1710 🎯🌌🧚‍♀️,La Ciudad Fantastica
1711 🦁🎟️🏝️,La Luz Sagrada
1712 🐼🎯💥,La Memoria Misteriosa
1713 🦖🕵️‍♂️🏎️,La Oraculo Serena
1714 🦈⚔️🪄,La Mirada Perdida
1715 🧙‍♂️🔮🦖,La Oraculo Invisible
1716 🧚‍♀️📽️🗺️,La Camino Brillante
1717 🕵️‍♂️🦁🎞️,La Ciudad Fantastica
1718 👽👽👽,La Mision Profunda
1719 🤖🛡️🔮,La Frontera Roja
1720 🚀🎩🎯,La Horizonte Dorada
1721 🏎️🎞️🏹,La Memoria Serena
1722 🚢🐼🎭,La Ruta Encantada
1723 🏹🤖🧙‍♂️,La Mision Sagrada
1724 ⚔️🗺️🌋,La Puerta Silenciosa
1725 🛡️👑🌟,La Historia Sombria
1726 🗺️🎥🚀,La Frontera Sombria
1727 🏔️🦖👑,La Luz Invisible
1728 🌋🚀🐼,La Tormenta Secreta
1729 🏝️🏔️🛡️,La Mirada Perdida
1730 🌌🪄📽️,La Tormenta Profunda
1731 🔮🌟🕵️‍♂️,La Selva Remota
1732 🎩🦈🌌,La Profecia Oculta
1733 👑🏎️🧩,La Frontera Eterna
1734 🪄🌋🚢,La Camino Remota
1735 🎬🎬🎬,La Tormenta Dorada
1736 🎭💥🦈,La Odisea Oscura
1737 🎟️🧙‍♂️🏔️,La Isla Profunda
1738 📽️🚢🎥,La Odisea Valiente
1739 🎞️🏝️🤖,La Pacto Silenciosa
1740 🎥🎭🎩,La Tormenta Imposible
1741 🌟🧩🦁,La Horizonte Eterna
1742 💥🧚‍♀️⚔️,La Puerta Salvaje
1743 🧩🏹🎟️,La Ciudad Infinita
1744 🎯🌌🧚‍♀️,La Oraculo Silenciosa
1745 🦁🎟️🏝️,La Luz Lejana
1746 🐼🎯💥,La Destino Eterna
1747 🦖🕵️‍♂️🏎️,La Mirada Perdida
1748 🦈⚔️🪄,La Busqueda Eterna
1749 🧙‍♂️🔮🦖,La Mision Dorada
1750 🧚‍♀️📽️🗺️,La Isla Imposible
1751 🕵️‍♂️🦁🎞️,La Cancion Dorada
1752 👽👽👽,La Mirada Dorada
1753 🤖🛡️🔮,La Profecia Perdida
1754 🚀🎩🎯,La Camino Infinita
1755 🏎️🎞️🏹,La Odisea Roja
1756 🚢🐼🎭,La Aventura Sombria
1757 🏹🤖🧙‍♂️,La Oraculo Silenciosa
1758 ⚔️🗺️🌋,La Memoria Sombria
1759 🛡️👑🌟,La Montana Radiante
1760 🗺️🎥🚀,La Travesia Salvaje
1761 🏔️🦖👑,La Ciudad Salvaje
1762 🌋🚀🐼,La Mision Valiente
1763 🏝️🏔️🛡️,La Selva Remota
1764 🌌🪄📽️,La Puerta Fantastica
1765 🔮🌟🕵️‍♂️,La Montana Serena
1766 🎩🦈🌌,La Cancion Serena
1767 👑🏎️🧩,La Promesa Sombria
1768 🪄🌋🚢,La Leyenda Epica
1769 🎬🎬🎬,La Sombra Perdida
1770 🎭💥🦈,La Luz Salvaje
1771 🎟️🧙‍♂️🏔️,La Leyenda Salvaje
1772 📽️🚢🎥,La Leyenda Oscura
1773 🎞️🏝️🤖,La Frontera Roja
1774 🎥🎭🎩,La Destino Secreta
1775 🌟🧩🦁,La Aventura Profunda
1776 💥🧚‍♀️⚔️,La Travesia Imposible
1777 🧩🏹🎟️,La Selva Serena
1778 🎯🌌🧚‍♀️,La Promesa Radiante
1779 🦁🎟️🏝️,La Mision Roja
1780 🐼🎯💥,La Pacto Invisible
1781 🦖🕵️‍♂️🏎️,La Mision Dorada
1782 🦈⚔️🪄,La Profecia Invisible
1783 🧙‍♂️🔮🦖,La Busqueda Oscura
1784 🧚‍♀️📽️🗺️,La Luz Fantastica
1785 🕵️‍♂️🦁🎞️,La Promesa Profunda
1786 👽👽👽,La Mision Sombria
1787 🤖🛡️🔮,La Profecia Salvaje
1788 🚀🎩🎯,La Cancion Misteriosa
1789 🏎️🎞️🏹,La Frontera Oscura
1790 🚢🐼🎭,La Oraculo Imposible
1791 🏹🤖🧙‍♂️,La Isla Salvaje
1792 ⚔️🗺️🌋,La Ciudad Profunda
1793 🛡️👑🌟,La Busqueda Sagrada
1794 🗺️🎥🚀,La Mirada Infinita
1795 🏔️🦖👑,La Ciudad Misteriosa
1796 🌋🚀🐼,La Mirada Dorada
1797 🏝️🏔️🛡️,La Mision Sombria
1798 🌌🪄📽️,La Luz Perdida
1799 🔮🌟🕵️‍♂️,La Promesa Perdida
1800 🎩🦈🌌,La Mision Eterna
1801 👑🏎️🧩,La Tormenta Perdida
1802 🪄🌋🚢,La Tormenta Radiante
1803 🎬🎬🎬,La Selva Serena
1804 🎭💥🦈,La Camino Valiente
1805 🎟️🧙‍♂️🏔️,La Cancion Invisible
1806 📽️🚢🎥,La Frontera Valiente
1807 🎞️🏝️🤖,La Busqueda Serena
1808 🎥🎭🎩,La Pacto Azul
1809 🌟🧩🦁,La Tormenta Sagrada
1810 💥🧚‍♀️⚔️,La Tormenta Infinita
1811 🧩🏹🎟️,La Selva Invisible
1812 🎯🌌🧚‍♀️,La Pacto Infinita
1813 🦁🎟️🏝️,La Leyenda Eterna
1814 🐼🎯💥,La Montana Remota
1815 🦖🕵️‍♂️🏎️,La Luz Misteriosa
1816 🦈⚔️🪄,La Aventura Oculta
1817 🧙‍♂️🔮🦖,La Luz Invisible
1818 🧚‍♀️📽️🗺️,La Luz Misteriosa
1819 🕵️‍♂️🦁🎞️,La Aventura Misteriosa
1820 👽👽👽,La Cancion Secreta
1821 🤖🛡️🔮,La Destino Salvaje
1822 🚀🎩🎯,La Mirada Silenciosa
1823 🏎️🎞️🏹,La Busqueda Misteriosa
1824 🚢🐼🎭,La Profecia Epica
1825 🏹🤖🧙‍♂️,La Oraculo Invisible
1826 ⚔️🗺️🌋,La Promesa Valiente
1827 🛡️👑🌟,La Cancion Infinita
1828 🗺️🎥🚀,La Odisea Azul
1829 🏔️🦖👑,La Horizonte Imposible
1830 🌋🚀🐼,La Leyenda Secreta
1831 🏝️🏔️🛡️,La Travesia Encantada
1832 🌌🪄📽️,La Profecia Epica
1833 🔮🌟🕵️‍♂️,La Montana Sagrada
1834 🎩🦈🌌,La Horizonte Azul
1835 👑🏎️🧩,La Promesa Serena
1836 🪄🌋🚢,La Leyenda Brillante
1837 🎬🎬🎬,La Frontera Salvaje
1838 🎭💥🦈,La Montana Dorada
1839 🎟️🧙‍♂️🏔️,La Mision Imposible
1840 📽️🚢🎥,La Aventura Fantastica
1841 🎞️🏝️🤖,La Promesa Misteriosa
1842 🎥🎭🎩,La Horizonte Dorada
1843 🌟🧩🦁,La Busqueda Oscura
1844 💥🧚‍♀️⚔️,La Puerta Encantada
1845 🧩🏹🎟️,La Tormenta Dorada
1846 🎯🌌🧚‍♀️,La Oraculo Roja
1847 🦁🎟️🏝️,La Leyenda Lejana
1848 🐼🎯💥,La Cancion Encantada
1849 🦖🕵️‍♂️🏎️,La Historia Profunda
1850 🦈⚔️🪄,La Ciudad Silenciosa
1851 🧙‍♂️🔮🦖,La Mision Encantada
1852 🧚‍♀️📽️🗺️,La Leyenda Sombria
1853 🕵️‍♂️🦁🎞️,La Cancion Valiente
1854 👽👽👽,La Mision Epica
1855 🤖🛡️🔮,La Leyenda Radiante
1856 🚀🎩🎯,La Tormenta Infinita
1857 🏎️🎞️🏹,La Ciudad Roja
1858 🚢🐼🎭,La Ruta Salvaje
1859 🏹🤖🧙‍♂️,La Aventura Lejana
1860 ⚔️🗺️🌋,La Aventura Dorada
1861 🛡️👑🌟,La Ruta Invisible
1862 🗺️🎥🚀,La Tormenta Azul
1863 🏔️🦖👑,La Busqueda Oscura
1864 🌋🚀🐼,La Mirada Sagrada
1865 🏝️🏔️🛡️,La Oraculo Brillante
1866 🌌🪄📽️,La Tormenta Radiante
1867 🔮🌟🕵️‍♂️,La Tormenta Radiante
1868 🎩🦈🌌,La Isla Fantastica
1869 👑🏎️🧩,La Isla Lejana
1870 🪄🌋🚢,La Busqueda Salvaje
1871 🎬🎬🎬,La Busqueda Fantastica
1872 🎭💥🦈,La Historia Salvaje
1873 🎟️🧙‍♂️🏔️,La Sombra Oscura
1874 📽️🚢🎥,La Mision Oculta
1875 🎞️🏝️🤖,La Isla Eterna
1876 🎥🎭🎩,La Pacto Invisible
1877 🌟🧩🦁,La Frontera Invisible
1878 💥🧚‍♀️⚔️,La Mirada Perdida
1879 🧩🏹🎟️,La Promesa Sagrada
1880 🎯🌌🧚‍♀️,La Frontera Dorada
1881 🦁🎟️🏝️,La Aventura Serena
1882 🐼🎯💥,La Tormenta Remota
1883 🦖🕵️‍♂️🏎️,La Camino Infinita
1884 🦈⚔️🪄,La Travesia Imposible
1885 🧙‍♂️🔮🦖,La Profecia Serena
1886 🧚‍♀️📽️🗺️,La Horizonte Infinita
1887 🕵️‍♂️🦁🎞️,La Pacto Fantastica
1888 👽👽👽,La Aventura Remota
1889 🤖🛡️🔮,La Isla Sagrada
1890 🚀🎩🎯,La Tormenta Dorada
1891 🏎️🎞️🏹,La Montana Fantastica
1892 🚢🐼🎭,La Ruta Valiente
1893 🏹🤖🧙‍♂️,La Ciudad Brillante
1894 ⚔️🗺️🌋,La Pacto Radiante
1895 🛡️👑🌟,La Selva Sombria
1896 🗺️🎥🚀,La Montana Valiente
1897 🏔️🦖👑,La Puerta Fantastica
1898 🌋🚀🐼,La Cancion Remota
1899 🏝️🏔️🛡️,La Travesia Valiente
1900 🌌🪄📽️,La Puerta Sombria
1901 🔮🌟🕵️‍♂️,La Odisea Misteriosa
1902 🎩🦈🌌,La Mision Oculta
1903 👑🏎️🧩,La Frontera Profunda
1904 🪄🌋🚢,La Destino Dorada
1905 🎬🎬🎬,La Travesia Fantastica
1906 🎭💥🦈,La Historia Profunda
1907 🎟️🧙‍♂️🏔️,La Leyenda Invisible
1908 📽️🚢🎥,La Profecia Remota
1909 🎞️🏝️🤖,La Promesa Salvaje
1910 🎥🎭🎩,La Historia Imposible
1911 🌟🧩🦁,La Camino Epica
1912 💥🧚‍♀️⚔️,La Selva Eterna
1913 🧩🏹🎟️,La Camino Valiente
1914 🎯🌌🧚‍♀️,La Historia Dorada
1915 🦁🎟️🏝️,La Historia Salvaje
1916 🐼🎯💥,La Puerta Perdida
1917 🦖🕵️‍♂️🏎️,La Ciudad Profunda
1918 🦈⚔️🪄,La Profecia Remota
1919 🧙‍♂️🔮🦖,La Busqueda Profunda
1920 🧚‍♀️📽️🗺️,La Memoria Imposible
1921 🕵️‍♂️🦁🎞️,La Memoria Encantada
1922 👽👽👽,La Puerta Oscura
1923 🤖🛡️🔮,La Isla Dorada
1924 🚀🎩🎯,La Destino Salvaje
1925 🏎️🎞️🏹,La Cancion Profunda
1926 🚢🐼🎭,La Camino Epica
1927 🏹🤖🧙‍♂️,La Puerta Encantada
1928 ⚔️🗺️🌋,La Cancion Misteriosa
1929 🛡️👑🌟,La Camino Profunda
1930 🗺️🎥🚀,La Ruta Epica
1931 🏔️🦖👑,La Ruta Radiante
1932 🌋🚀🐼,La Destino Serena
1933 🏝️🏔️🛡️,La Aventura Secreta
1934 🌌🪄📽️,La Pacto Salvaje
1935 🔮🌟🕵️‍♂️,La Memoria Epica
1936 🎩🦈🌌,La Leyenda Valiente
1937 👑🏎️🧩,La Destino Misteriosa
1938 🪄🌋🚢,La Odisea Oscura
1939 🎬🎬🎬,La Destino Roja
1940 🎭💥🦈,La Puerta Silenciosa
1941 🎟️🧙‍♂️🏔️,La Destino Silenciosa
1942 📽️🚢🎥,La Horizonte Perdida
1943 🎞️🏝️🤖,La Tormenta Profunda
1944 🎥🎭🎩,La Pacto Epica
1945 🌟🧩🦁,La Promesa Lejana
1946 💥🧚‍♀️⚔️,La Camino Dorada
1947 🧩🏹🎟️,La Sombra Misteriosa
1948 🎯🌌🧚‍♀️,La Mirada Salvaje
1949 🦁🎟️🏝️,La Leyenda Dorada
1950 🐼🎯💥,La Leyenda Eterna
1951 🦖🕵️‍♂️🏎️,La Horizonte Silenciosa
1952 🦈⚔️🪄,La Luz Silenciosa
1953 🧙‍♂️🔮🦖,La Ruta Imposible
1954 🧚‍♀️📽️🗺️,La Ciudad Brillante
1955 🕵️‍♂️🦁🎞️,La Destino Brillante
1956 👽👽👽,La Ciudad Salvaje
1957 🤖🛡️🔮,La Cancion Infinita
1958 🚀🎩🎯,La Horizonte Infinita
1959 🏎️🎞️🏹,La Odisea Dorada
1960 🚢🐼🎭,La Destino Fantastica
1961 🏹🤖🧙‍♂️,La Aventura Oculta
1962 ⚔️🗺️🌋,La Mision Profunda
1963 🛡️👑🌟,La Pacto Secreta
1964 🗺️🎥🚀,La Aventura Sagrada
1965 🏔️🦖👑,La Profecia Encantada
1966 🌋🚀🐼,La Ciudad Sagrada
1967 🏝️🏔️🛡️,La Promesa Oscura
1968 🌌🪄📽️,La Camino Sombria
1969 🔮🌟🕵️‍♂️,La Leyenda Radiante
1970 🎩🦈🌌,La Camino Profunda
1971 👑🏎️🧩,La Frontera Remota
1972 🪄🌋🚢,La Luz Encantada
1973 🎬🎬🎬,La Historia Lejana
1974 🎭💥🦈,La Frontera Fantastica
1975 🎟️🧙‍♂️🏔️,La Montana Fantastica
1976 📽️🚢🎥,La Memoria Remota
1977 🎞️🏝️🤖,La Sombra Remota
1978 🎥🎭🎩,La Frontera Misteriosa
1979 🌟🧩🦁,La Oraculo Oculta
1980 💥🧚‍♀️⚔️,La Ruta Valiente
1981 🧩🏹🎟️,La Tormenta Valiente
1982 🎯🌌🧚‍♀️,La Ciudad Salvaje
1983 🦁🎟️🏝️,La Aventura Eterna
1984 🐼🎯💥,La Leyenda Perdida
1985 🦖🕵️‍♂️🏎️,La Promesa Lejana
1986 🦈⚔️🪄,La Historia Azul
1987 🧙‍♂️🔮🦖,La Tormenta Dorada
1988 🧚‍♀️📽️🗺️,La Profecia Sagrada
1989 🕵️‍♂️🦁🎞️,La Pacto Remota
1990 👽👽👽,La Destino Valiente
1991 🤖🛡️🔮,La Memoria Silenciosa
1992 🚀🎩🎯,La Historia Fantastica
1993 🏎️🎞️🏹,La Aventura Invisible
1994 🚢🐼🎭,La Mision Imposible
1995 🏹🤖🧙‍♂️,La Mision Lejana
1996 ⚔️🗺️🌋,La Puerta Fantastica
1997 🛡️👑🌟,La Pacto Epica
1998 🗺️🎥🚀,La Oraculo Brillante
1999 🏔️🦖👑,La Mirada Misteriosa
2000 🌋🚀🐼,La Promesa Imposible
