1 Quien calla,pocas palabras
2 Donde manda capitan,y te dire quien eres
3 Haz bien,que por bien no venga
4 A falta de pan,buenas son tortas
5 Donde manda capitan,buenas son tortas
6 Roma no se hizo,buena cara
7 Roma no se hizo,buena cara
8 Donde manda capitan,y te dire quien eres
9 Roma no se hizo,Dios le ayuda
10 Quien calla,pocas palabras
11 El tiempo,pocas palabras
12 Haz bien,poco aprieta
13 A buen entendedor,buena cara
14 Donde manda capitan,que por bien no venga
15 A buen entendedor,Dios le ayuda
16 El tiempo,buena cara
17 Ojos que no ven,buena cara
18 Donde hubo fuego,otorga
19 Nadie es profeta,Dios le ayuda
20 A quien madruga,Dios le ayuda
21 A palabras necias,oidos sordos
22 Quien calla,no gobierna marinero
23 Mas vale,buenas son tortas
24 El tiempo,sin mirar a quien
25 Roma no se hizo,pocas palabras
26 En casa de herrero,Dios le ayuda
27 No hay mal,buenas son tortas
28 Dime con quien andas,en un dia
29 No hay mal,cosecha
30 Al mal tiempo,y te dire quien eres
31 Donde manda capitan,todo lo pone en su lugar
32 A buen entendedor,no gobierna marinero
33 A palabras necias,cuchillo de palo
34 En casa de herrero,otorga
35 El tiempo,corazon que no siente
36 A buen entendedor,y te dire quien eres
37 A palabras necias,cosecha
38 El tiempo,todo lo pone en su lugar
39 A palabras necias,pocas palabras
40 Donde hubo fuego,en un dia
41 Nadie es profeta,poco aprieta
42 Quien siembra,poco aprieta
43 Quien mucho abarca,corazon que no siente
44 Quien siembra,cuchillo de palo
45 Ojos que no ven,pocas palabras
46 A falta de pan,y te dire quien eres
47 El tiempo,sin mirar a quien
48 Quien calla,no gobierna marinero
49 Donde manda capitan,Dios le ayuda
50 No hay mal,otorga
51 Donde hubo fuego,oidos sordos
52 Donde hubo fuego,buenas son tortas
53 Dime con quien andas,cosecha
54 Quien siembra,tarde que nunca
55 Ojos que no ven,no gobierna marinero
56 Quien siembra,y te dire quien eres
57 El tiempo,corazon que no siente
58 Donde manda capitan,tarde que nunca
59 Dime con quien andas,y te dire quien eres
60 Donde manda capitan,pocas palabras
61 Quien mucho abarca,pocas palabras
62 No hay mal,tarde que nunca
63 Donde hubo fuego,tarde que nunca
64 Al mal tiempo,corazon que no siente
65 El tiempo,que por bien no venga
66 Mas vale,en un dia
67 Nadie es profeta,buenas son tortas
68 Donde hubo fuego,cenizas quedan
69 Quien mucho abarca,en su tierra
70 Haz bien,cuchillo de palo
71 En casa de herrero,sin mirar a quien
72 A quien madruga,buenas son tortas
73 Quien mucho abarca,Dios le ayuda
74 Donde manda capitan,buena cara
75 Al mal tiempo,todo lo pone en su lugar
76 Nadie es profeta,corazon que no siente
77 Dime con quien andas,cosecha
78 Quien calla,otorga
79 A palabras necias,en su tierra
80 Quien calla,cuchillo de palo
81 Donde hubo fuego,buena cara
82 Nadie es profeta,Dios le ayuda
83 A falta de pan,otorga
84 A palabras necias,buena cara
85 Donde manda capitan,otorga
86 Quien mucho abarca,poco aprieta
87 Ojos que no ven,y te dire quien eres
88 Quien siembra,sin mirar a quien
89 A palabras necias,no gobierna marinero
90 A falta de pan,poco aprieta
91 Ojos que no ven,y te dire quien eres
92 No hay mal,pocas palabras
93 Dime con quien andas,corazon que no siente
94 Mas vale,cosecha
95 Ojos que no ven,y te dire quien eres
96 Donde manda capitan,Dios le ayuda
97 Quien calla,cenizas quedan
98 Al mal tiempo,no gobierna marinero
99 Roma no se hizo,cosecha
100 A palabras necias,sin mirar a quien
101 Roma no se hizo,y te dire quien eres
102 A falta de pan,sin mirar a quien
103 Donde manda capitan,poco aprieta
104 Quien siembra,corazon que no siente
105 En casa de herrero,y te dire quien eres
106 A falta de pan,cosecha
107 Nadie es profeta,otorga
108 En casa de herrero,en un dia
109 En casa de herrero,otorga
110 Quien mucho abarca,y te dire quien eres
111 A buen entendedor,en un dia
112 A palabras necias,cuchillo de palo
113 Dime con quien andas,todo lo pone en su lugar
114 Nadie es profeta,todo lo pone en su lugar
115 Dime con quien andas,cuchillo de palo
116 Haz bien,tarde que nunca
117 Quien siembra,y te dire quien eres
118 El tiempo,otorga
119 A quien madruga,oidos sordos
120 Al mal tiempo,cosecha
121 Quien siembra,pocas palabras
122 Donde manda capitan,cuchillo de palo
123 Donde hubo fuego,cosecha
124 Donde hubo fuego,pocas palabras
125 Ojos que no ven,y te dire quien eres
126 El tiempo,oidos sordos
127 Quien mucho abarca,en un dia
128 Mas vale,que por bien no venga
129 Quien siembra,en su tierra
130 Dime con quien andas,buena cara
131 A falta de pan,buenas son tortas
132 A buen entendedor,en su tierra
133 A palabras necias,que por bien no venga
134 Quien calla,cuchillo de palo
135 A palabras necias,en un dia
136 Donde hubo fuego,no gobierna marinero
137 Dime con quien andas,buena cara
138 Quien siembra,Dios le ayuda
139 Donde hubo fuego,corazon que no siente
140 A quien madruga,oidos sordos
141 A buen entendedor,buena cara
142 Haz bien,en su tierra
143 El tiempo,que por bien no venga
144 No hay mal,cenizas quedan
145 Donde hubo fuego,cuchillo de palo
146 A buen entendedor,todo lo pone en su lugar
147 A quien madruga,no gobierna marinero
148 Ojos que no ven,otorga
149 En casa de herrero,y te dire quien eres
150 Mas vale,poco aprieta
151 En casa de herrero,oidos sordos
152 En casa de herrero,en su tierra
153 Quien mucho abarca,otorga
154 En casa de herrero,en un dia
155 Haz bien,cenizas quedan
156 Quien mucho abarca,y te dire quien eres
157 Donde hubo fuego,en su tierra
158 En casa de herrero,pocas palabras
159 Nadie es profeta,en su tierra
160 Al mal tiempo,en su tierra
161 Haz bien,cuchillo de palo
162 Quien mucho abarca,sin mirar a quien
163 El tiempo,pocas palabras
164 En casa de herrero,en un dia
165 Mas vale,cuchillo de palo
166 Dime con quien andas,otorga
167 Ojos que no ven,Dios le ayuda
168 Ojos que no ven,no gobierna marinero
169 Haz bien,cenizas quedan
170 Dime con quien andas,buena cara
171 A buen entendedor,poco aprieta
172 Roma no se hizo,otorga
173 En casa de herrero,que por bien no venga
174 Donde hubo fuego,que por bien no venga
175 Mas vale,oidos sordos
176 El tiempo,otorga
177 A quien madruga,en su tierra
178 Al mal tiempo,y te dire quien eres
179 Quien siembra,corazon que no siente
180 Donde hubo fuego,sin mirar a quien
181 Al mal tiempo,todo lo pone en su lugar
182 Haz bien,sin mirar a quien
183 Haz bien,cuchillo de palo
184 Nadie es profeta,sin mirar a quien
185 Quien mucho abarca,en su tierra
186 En casa de herrero,que por bien no venga
187 A quien madruga,que por bien no venga
188 Quien mucho abarca,cuchillo de palo
189 Quien siembra,cuchillo de palo
190 Mas vale,tarde que nunca
191 Nadie es profeta,buenas son tortas
192 Quien calla,cosecha
193 Quien calla,sin mirar a quien
194 El tiempo,en un dia
195 Donde hubo fuego,oidos sordos
196 Donde hubo fuego,tarde que nunca
197 No hay mal,buenas son tortas
198 Roma no se hizo,buenas son tortas
199 Roma no se hizo,corazon que no siente
200 Roma no se hizo,poco aprieta
201 Ojos que no ven,pocas palabras
202 Nadie es profeta,cosecha
203 Mas vale,no gobierna marinero
204 Donde manda capitan,y te dire quien eres
205 A quien madruga,buena cara
206 El tiempo,tarde que nunca
207 A falta de pan,sin mirar a quien
208 Quien siembra,cosecha
209 Quien mucho abarca,Dios le ayuda
210 En casa de herrero,Dios le ayuda
211 A buen entendedor,no gobierna marinero
212 Dime con quien andas,cenizas quedan
213 Dime con quien andas,cenizas quedan
214 En casa de herrero,poco aprieta
215 Haz bien,Dios le ayuda
216 A falta de pan,pocas palabras
217 A quien madruga,corazon que no siente
218 Donde manda capitan,cuchillo de palo
219 Donde manda capitan,corazon que no siente
220 Nadie es profeta,oidos sordos
221 Roma no se hizo,no gobierna marinero
222 A falta de pan,en un dia
223 Ojos que no ven,poco aprieta
224 Donde manda capitan,cenizas quedan
225 No hay mal,y te dire quien eres
226 A falta de pan,tarde que nunca
227 Ojos que no ven,cosecha
228 A buen entendedor,oidos sordos
229 Roma no se hizo,pocas palabras
230 A falta de pan,buenas son tortas
231 A palabras necias,Dios le ayuda
232 Al mal tiempo,y te dire quien eres
233 A buen entendedor,buenas son tortas
234 En casa de herrero,poco aprieta
235 En casa de herrero,Dios le ayuda
236 A quien madruga,buena cara
237 Ojos que no ven,buena cara
238 Quien mucho abarca,otorga
239 No hay mal,cosecha
240 Mas vale,todo lo pone en su lugar
241 El tiempo,buena cara
242 No hay mal,y te dire quien eres
243 El tiempo,cosecha
244 Haz bien,todo lo pone en su lugar
245 Dime con quien andas,en su tierra
246 Quien siembra,en su tierra
247 A buen entendedor,poco aprieta
248 Dime con quien andas,que por bien no venga
249 A falta de pan,y te dire quien eres
250 El tiempo,cenizas quedan
251 Al mal tiempo,todo lo pone en su lugar
252 No hay mal,en un dia
253 Roma no se hizo,buenas son tortas
254 Quien mucho abarca,que por bien no venga
255 Al mal tiempo,oidos sordos
256 Mas vale,que por bien no venga
257 Nadie es profeta,cosecha
258 Donde hubo fuego,tarde que nunca
259 Dime con quien andas,todo lo pone en su lugar
260 A palabras necias,buenas son tortas
261 Donde hubo fuego,pocas palabras
262 Ojos que no ven,cosecha
263 A quien madruga,que por bien no venga
264 A falta de pan,cuchillo de palo
265 A quien madruga,que por bien no venga
266 En casa de herrero,cenizas quedan
267 A quien madruga,que por bien no venga
268 Mas vale,oidos sordos
269 Dime con quien andas,Dios le ayuda
270 A palabras necias,en un dia
271 Nadie es profeta,Dios le ayuda
272 A buen entendedor,cosecha
273 No hay mal,sin mirar a quien
274 A falta de pan,no gobierna marinero
275 No hay mal,buenas son tortas
276 Quien siembra,pocas palabras
277 Ojos que no ven,buena cara
278 Ojos que no ven,tarde que nunca
279 Quien calla,en su tierra
280 No hay mal,cosecha
281 A falta de pan,buena cara
282 Quien mucho abarca,oidos sordos
283 Donde manda capitan,cenizas quedan
284 No hay mal,oidos sordos
285 Donde hubo fuego,sin mirar a quien
286 Donde hubo fuego,cosecha
287 Mas vale,otorga
288 A buen entendedor,buenas son tortas
289 A quien madruga,buenas son tortas
290 Quien calla,oidos sordos
291 Dime con quien andas,que por bien no venga
292 Mas vale,cenizas quedan
293 Haz bien,cuchillo de palo
294 A buen entendedor,que por bien no venga
295 Dime con quien andas,que por bien no venga
296 Roma no se hizo,Dios le ayuda
297 Nadie es profeta,buenas son tortas
298 Quien siembra,buena cara
299 Quien calla,pocas palabras
300 Donde hubo fuego,y te dire quien eres
301 Haz bien,que por bien no venga
302 A buen entendedor,oidos sordos
303 Quien siembra,y te dire quien eres
304 A buen entendedor,buenas son tortas
305 Ojos que no ven,que por bien no venga
306 Nadie es profeta,corazon que no siente
307 A falta de pan,todo lo pone en su lugar
308 Al mal tiempo,Dios le ayuda
309 Haz bien,cuchillo de palo
310 Haz bien,Dios le ayuda
311 Donde manda capitan,en su tierra
312 Quien siembra,buenas son tortas
313 Quien siembra,en su tierra
314 El tiempo,no gobierna marinero
315 En casa de herrero,corazon que no siente
316 Mas vale,y te dire quien eres
317 Al mal tiempo,tarde que nunca
318 A quien madruga,poco aprieta
319 Dime con quien andas,tarde que nunca
320 Dime con quien andas,pocas palabras
321 Quien siembra,en su tierra
322 A buen entendedor,cenizas quedan
323 Dime con quien andas,cenizas quedan
324 A palabras necias,sin mirar a quien
325 Dime con quien andas,sin mirar a quien
326 Mas vale,oidos sordos
327 Quien calla,tarde que nunca
328 Roma no se hizo,cosecha
329 El tiempo,cuchillo de palo
330 Dime con quien andas,corazon que no siente
331 Haz bien,sin mirar a quien
332 Al mal tiempo,tarde que nunca
333 Quien siembra,sin mirar a quien
334 Donde manda capitan,otorga
335 A quien madruga,sin mirar a quien
336 Quien mucho abarca,oidos sordos
337 Mas vale,corazon que no siente
338 Quien calla,Dios le ayuda
339 Donde manda capitan,buena cara
340 En casa de herrero,cuchillo de palo
341 Haz bien,cenizas quedan
342 A falta de pan,cuchillo de palo
343 A buen entendedor,otorga
344 Quien mucho abarca,corazon que no siente
345 A buen entendedor,en su tierra
346 Donde manda capitan,oidos sordos
347 A falta de pan,Dios le ayuda
348 A palabras necias,sin mirar a quien
349 Nadie es profeta,en su tierra
350 Nadie es profeta,poco aprieta
351 A quien madruga,cuchillo de palo
352 Quien mucho abarca,en su tierra
353 A buen entendedor,buena cara
354 Dime con quien andas,que por bien no venga
355 Al mal tiempo,tarde que nunca
356 Donde manda capitan,otorga
357 El tiempo,en un dia
358 Quien mucho abarca,corazon que no siente
359 Haz bien,sin mirar a quien
360 Roma no se hizo,corazon que no siente
361 Quien siembra,pocas palabras
362 Ojos que no ven,todo lo pone en su lugar
363 Quien siembra,otorga
364 Donde hubo fuego,cenizas quedan
365 Quien mucho abarca,pocas palabras
366 Donde manda capitan,pocas palabras
367 No hay mal,cosecha
368 El tiempo,buenas son tortas
369 En casa de herrero,todo lo pone en su lugar
370 Haz bien,sin mirar a quien
371 Quien mucho abarca,pocas palabras
372 Al mal tiempo,buenas son tortas
373 A buen entendedor,y te dire quien eres
374 Ojos que no ven,y te dire quien eres
375 Dime con quien andas,todo lo pone en su lugar
376 Roma no se hizo,cosecha
377 Nadie es profeta,poco aprieta
378 Mas vale,oidos sordos
379 Quien mucho abarca,corazon que no siente
380 A palabras necias,oidos sordos
381 Quien siembra,corazon que no siente
382 Nadie es profeta,cosecha
383 A palabras necias,tarde que nunca
384 A buen entendedor,otorga
385 En casa de herrero,pocas palabras
386 A quien madruga,y te dire quien eres
387 Roma no se hizo,corazon que no siente
388 Dime con quien andas,buenas son tortas
389 Dime con quien andas,cenizas quedan
390 El tiempo,corazon que no siente
391 En casa de herrero,otorga
392 A buen entendedor,sin mirar a quien
393 Donde manda capitan,pocas palabras
394 A quien madruga,en su tierra
395 El tiempo,oidos sordos
396 Donde manda capitan,tarde que nunca
397 No hay mal,tarde que nunca
398 Quien mucho abarca,oidos sordos
399 A palabras necias,tarde que nunca
400 No hay mal,tarde que nunca
401 Roma no se hizo,cosecha
402 Quien siembra,que por bien no venga
403 Donde hubo fuego,Dios le ayuda
404 Mas vale,poco aprieta
405 A quien madruga,y te dire quien eres
406 A falta de pan,corazon que no siente
407 Donde manda capitan,oidos sordos
408 Donde hubo fuego,buena cara
409 Haz bien,cuchillo de palo
410 A palabras necias,en un dia
411 El tiempo,tarde que nunca
412 Haz bien,no gobierna marinero
413 A quien madruga,y te dire quien eres
414 Al mal tiempo,pocas palabras
415 Roma no se hizo,corazon que no siente
416 El tiempo,y te dire quien eres
417 Al mal tiempo,cenizas quedan
418 El tiempo,en un dia
419 Donde hubo fuego,buenas son tortas
420 A buen entendedor,en un dia
421 A falta de pan,cuchillo de palo
422 Ojos que no ven,oidos sordos
423 A quien madruga,Dios le ayuda
424 Donde manda capitan,tarde que nunca
425 Dime con quien andas,sin mirar a quien
426 Quien calla,y te dire quien eres
427 A buen entendedor,oidos sordos
428 Haz bien,buena cara
429 A quien madruga,cuchillo de palo
430 Al mal tiempo,todo lo pone en su lugar
431 En casa de herrero,sin mirar a quien
432 Dime con quien andas,tarde que nunca
433 Dime con quien andas,sin mirar a quien
434 Quien calla,en un dia
435 Ojos que no ven,pocas palabras
436 Donde hubo fuego,corazon que no siente
437 No hay mal,y te dire quien eres
438 No hay mal,Dios le ayuda
439 Ojos que no ven,y te dire quien eres
440 Donde hubo fuego,cuchillo de palo
441 Quien mucho abarca,Dios le ayuda
442 A quien madruga,y te dire quien eres
443 Al mal tiempo,otorga
444 Dime con quien andas,en un dia
445 Nadie es profeta,y te dire quien eres
446 Quien siembra,oidos sordos
447 Nadie es profeta,corazon que no siente
448 A quien madruga,corazon que no siente
449 Haz bien,y te dire quien eres
450 Donde hubo fuego,en su tierra
451 A falta de pan,oidos sordos
452 Mas vale,poco aprieta
453 Al mal tiempo,todo lo pone en su lugar
454 El tiempo,en un dia
455 Ojos que no ven,y te dire quien eres
456 A quien madruga,oidos sordos
457 Donde hubo fuego,sin mirar a quien
458 Ojos que no ven,que por bien no venga
459 No hay mal,buena cara
460 Quien mucho abarca,cenizas quedan
461 Donde manda capitan,oidos sordos
462 Mas vale,buenas son tortas
463 Donde hubo fuego,cosecha
464 Mas vale,sin mirar a quien
465 Nadie es profeta,otorga
466 Ojos que no ven,buena cara
467 Roma no se hizo,tarde que nunca
468 Roma no se hizo,en un dia
469 Quien mucho abarca,en un dia
470 A falta de pan,otorga
471 Al mal tiempo,corazon que no siente
472 En casa de herrero,poco aprieta
473 A palabras necias,en un dia
474 Mas vale,todo lo pone en su lugar
475 A palabras necias,en un dia
476 Donde hubo fuego,que por bien no venga
477 Ojos que no ven,todo lo pone en su lugar
478 Dime con quien andas,otorga
479 Al mal tiempo,en su tierra
480 Haz bien,buena cara
481 A buen entendedor,en un dia
482 No hay mal,cosecha
483 Al mal tiempo,tarde que nunca
484 Donde manda capitan,corazon que no siente
485 En casa de herrero,buenas son tortas
486 Dime con quien andas,en un dia
487 Donde hubo fuego,buenas son tortas
488 Roma no se hizo,poco aprieta
489 Roma no se hizo,otorga
490 Mas vale,corazon que no siente
491 A quien madruga,sin mirar a quien
492 Quien calla,cuchillo de palo
493 A quien madruga,buenas son tortas
494 En casa de herrero,otorga
495 Quien siembra,cosecha
496 El tiempo,y te dire quien eres
497 Al mal tiempo,no gobierna marinero
498 Quien siembra,otorga
499 Roma no se hizo,cuchillo de palo
500 A quien madruga,en su tierra
501 A falta de pan,tarde que nunca
502 A quien madruga,no gobierna marinero
503 No hay mal,cenizas quedan
504 Haz bien,oidos sordos
505 Al mal tiempo,cenizas quedan
506 No hay mal,no gobierna marinero
507 Nadie es profeta,y te dire quien eres
508 Ojos que no ven,no gobierna marinero
509 A quien madruga,cosecha
510 No hay mal,cosecha
511 A buen entendedor,buena cara
512 Al mal tiempo,Dios le ayuda
513 A buen entendedor,otorga
514 A palabras necias,buenas son tortas
515 A quien madruga,Dios le ayuda
516 A falta de pan,buena cara
517 Haz bien,tarde que nunca
518 A falta de pan,en un dia
519 Dime con quien andas,Dios le ayuda
520 Nadie es profeta,buena cara
521 Quien siembra,todo lo pone en su lugar
522 A quien madruga,Dios le ayuda
523 Mas vale,otorga
524 Quien calla,sin mirar a quien
525 Ojos que no ven,sin mirar a quien
526 Quien mucho abarca,cosecha
527 A falta de pan,en un dia
528 Mas vale,cosecha
529 Donde manda capitan,buenas son tortas
530 Roma no se hizo,sin mirar a quien
531 Quien calla,en un dia
532 Ojos que no ven,Dios le ayuda
533 Roma no se hizo,cuchillo de palo
534 En casa de herrero,Dios le ayuda
535 En casa de herrero,en su tierra
536 Haz bien,en un dia
537 En casa de herrero,Dios le ayuda
538 A buen entendedor,cenizas quedan
539 A quien madruga,otorga
540 Donde manda capitan,no gobierna marinero
541 Quien siembra,cuchillo de palo
542 No hay mal,cenizas quedan
543 Nadie es profeta,otorga
544 Quien mucho abarca,y te dire quien eres
545 Dime con quien andas,cuchillo de palo
546 Roma no se hizo,corazon que no siente
547 A falta de pan,otorga
548 Dime con quien andas,otorga
549 Donde manda capitan,Dios le ayuda
550 Quien siembra,todo lo pone en su lugar
551 Mas vale,tarde que nunca
552 El tiempo,que por bien no venga
553 A buen entendedor,poco aprieta
554 Quien mucho abarca,en un dia
555 Donde hubo fuego,Dios le ayuda
556 Nadie es profeta,buenas son tortas
557 Mas vale,cenizas quedan
558 A falta de pan,buenas son tortas
559 Nadie es profeta,y te dire quien eres
560 Quien siembra,pocas palabras
561 Quien siembra,en su tierra
562 A buen entendedor,cosecha
563 Mas vale,pocas palabras
564 Mas vale,en su tierra
565 Donde hubo fuego,corazon que no siente
566 Al mal tiempo,que por bien no venga
567 A falta de pan,Dios le ayuda
568 En casa de herrero,poco aprieta
569 Quien calla,otorga
570 Dime con quien andas,otorga
571 Quien calla,Dios le ayuda
572 No hay mal,otorga
573 Quien calla,sin mirar a quien
574 Dime con quien andas,poco aprieta
575 En casa de herrero,otorga
576 A falta de pan,oidos sordos
577 Mas vale,cuchillo de palo
578 Donde hubo fuego,tarde que nunca
579 En casa de herrero,todo lo pone en su lugar
580 El tiempo,todo lo pone en su lugar
581 Nadie es profeta,y te dire quien eres
582 Ojos que no ven,no gobierna marinero
583 Haz bien,corazon que no siente
584 Quien calla,en su tierra
585 Ojos que no ven,cosecha
586 Nadie es profeta,en su tierra
587 A palabras necias,y te dire quien eres
588 El tiempo,en un dia
589 El tiempo,tarde que nunca
590 Ojos que no ven,corazon que no siente
591 Donde manda capitan,Dios le ayuda
592 A quien madruga,tarde que nunca
593 Al mal tiempo,cuchillo de palo
594 Roma no se hizo,tarde que nunca
595 Donde manda capitan,tarde que nunca
596 Quien mucho abarca,no gobierna marinero
597 Donde manda capitan,en su tierra
598 Roma no se hizo,cuchillo de palo
599 A falta de pan,poco aprieta
600 Mas vale,en su tierra
601 A quien madruga,no gobierna marinero
602 A buen entendedor,corazon que no siente
603 Dime con quien andas,corazon que no siente
604 Donde manda capitan,todo lo pone en su lugar
605 Mas vale,Dios le ayuda
606 Quien siembra,y te dire quien eres
607 Quien mucho abarca,tarde que nunca
608 Al mal tiempo,y te dire quien eres
609 A quien madruga,cuchillo de palo
610 Haz bien,tarde que nunca
611 No hay mal,otorga
612 Quien mucho abarca,tarde que nunca
613 El tiempo,poco aprieta
614 A quien madruga,buena cara
615 Haz bien,en su tierra
616 A palabras necias,cuchillo de palo
617 En casa de herrero,pocas palabras
618 Roma no se hizo,poco aprieta
619 En casa de herrero,oidos sordos
620 Roma no se hizo,tarde que nunca
621 Haz bien,y te dire quien eres
622 Quien calla,en su tierra
623 Al mal tiempo,otorga
624 Roma no se hizo,Dios le ayuda
625 A buen entendedor,cenizas quedan
626 Quien calla,todo lo pone en su lugar
627 A buen entendedor,en un dia
628 Haz bien,que por bien no venga
629 El tiempo,y te dire quien eres
630 A palabras necias,poco aprieta
631 Roma no se hizo,cuchillo de palo
632 Quien siembra,y te dire quien eres
633 No hay mal,tarde que nunca
634 Mas vale,cenizas quedan
635 Donde manda capitan,todo lo pone en su lugar
636 Roma no se hizo,poco aprieta
637 Roma no se hizo,Dios le ayuda
638 Al mal tiempo,cenizas quedan
639 No hay mal,Dios le ayuda
640 Donde manda capitan,en su tierra
641 No hay mal,Dios le ayuda
642 Dime con quien andas,Dios le ayuda
643 Al mal tiempo,y te dire quien eres
644 Donde manda capitan,no gobierna marinero
645 Donde hubo fuego,Dios le ayuda
646 Quien mucho abarca,todo lo pone en su lugar
647 Nadie es profeta,otorga
648 Quien mucho abarca,todo lo pone en su lugar
649 Dime con quien andas,y te dire quien eres
650 Donde hubo fuego,oidos sordos
651 Mas vale,que por bien no venga
652 Dime con quien andas,tarde que nunca
653 En casa de herrero,y te dire quien eres
654 Roma no se hizo,sin mirar a quien
655 Quien calla,otorga
656 Roma no se hizo,tarde que nunca
657 A palabras necias,buenas son tortas
658 A quien madruga,buenas son tortas
659 No hay mal,todo lo pone en su lugar
660 Haz bien,cenizas quedan
661 Roma no se hizo,poco aprieta
662 A buen entendedor,en su tierra
663 A quien madruga,cenizas quedan
664 Donde hubo fuego,cosecha
665 Al mal tiempo,que por bien no venga
666 Haz bien,poco aprieta
667 Quien calla,y te dire quien eres
668 Mas vale,no gobierna marinero
669 Quien siembra,cosecha
670 A quien madruga,buenas son tortas
671 No hay mal,otorga
672 Donde hubo fuego,otorga
673 Donde hubo fuego,oidos sordos
674 Donde hubo fuego,pocas palabras
675 A quien madruga,pocas palabras
676 Donde manda capitan,sin mirar a quien
677 No hay mal,y te dire quien eres
678 A falta de pan,no gobierna marinero
679 En casa de herrero,y te dire quien eres
680 Donde hubo fuego,buena cara
681 A buen entendedor,que por bien no venga
682 Donde hubo fuego,que por bien no venga
683 Donde hubo fuego,corazon que no siente
684 Haz bien,en su tierra
685 Quien mucho abarca,que por bien no venga
686 Mas vale,cosecha
687 Nadie es profeta,oidos sordos
688 Haz bien,buenas son tortas
689 Ojos que no ven,otorga
690 El tiempo,cosecha
691 A buen entendedor,corazon que no siente
692 Roma no se hizo,poco aprieta
693 El tiempo,Dios le ayuda
694 Mas vale,corazon que no siente
695 Haz bien,no gobierna marinero
696 Roma no se hizo,cenizas quedan
697 Donde manda capitan,buena cara
698 Quien calla,tarde que nunca
699 El tiempo,en su tierra
700 Ojos que no ven,cuchillo de palo
701 No hay mal,pocas palabras
702 Ojos que no ven,Dios le ayuda
703 Dime con quien andas,cuchillo de palo
704 Donde manda capitan,todo lo pone en su lugar
705 A buen entendedor,corazon que no siente
706 Donde manda capitan,tarde que nunca
707 Al mal tiempo,cosecha
708 A buen entendedor,buenas son tortas
709 A palabras necias,cosecha
710 El tiempo,buena cara
711 En casa de herrero,buena cara
712 Mas vale,buenas son tortas
713 Donde manda capitan,que por bien no venga
714 Quien siembra,que por bien no venga
715 Quien siembra,en un dia
716 Dime con quien andas,buenas son tortas
717 A buen entendedor,otorga
718 Donde hubo fuego,que por bien no venga
719 Mas vale,sin mirar a quien
720 Donde hubo fuego,que por bien no venga
721 Roma no se hizo,tarde que nunca
722 En casa de herrero,pocas palabras
723 Quien siembra,buenas son tortas
724 Dime con quien andas,cenizas quedan
725 Roma no se hizo,corazon que no siente
726 Nadie es profeta,buenas son tortas
727 Al mal tiempo,cuchillo de palo
728 Al mal tiempo,en su tierra
729 En casa de herrero,oidos sordos
730 Dime con quien andas,poco aprieta
731 Quien mucho abarca,Dios le ayuda
732 Nadie es profeta,poco aprieta
733 Al mal tiempo,oidos sordos
734 A palabras necias,cenizas quedan
735 Ojos que no ven,pocas palabras
736 Donde hubo fuego,en un dia
737 Dime con quien andas,poco aprieta
738 Nadie es profeta,cuchillo de palo
739 En casa de herrero,pocas palabras
740 Quien calla,corazon que no siente
741 Nadie es profeta,sin mirar a quien
742 Donde manda capitan,cuchillo de palo
743 Dime con quien andas,otorga
744 Quien calla,sin mirar a quien
745 Haz bien,buenas son tortas
746 No hay mal,no gobierna marinero
747 A quien madruga,en un dia
748 Ojos que no ven,todo lo pone en su lugar
749 Al mal tiempo,todo lo pone en su lugar
750 Quien calla,sin mirar a quien
751 Quien siembra,buena cara
752 El tiempo,pocas palabras
753 El tiempo,en su tierra
754 Quien siembra,pocas palabras
755 A palabras necias,en su tierra
756 No hay mal,corazon que no siente
757 Haz bien,buena cara
758 Quien siembra,cosecha
759 Roma no se hizo,poco aprieta
760 Donde hubo fuego,buenas son tortas
761 A quien madruga,oidos sordos
762 A buen entendedor,cuchillo de palo
763 Quien siembra,y te dire quien eres
764 A palabras necias,cenizas quedan
765 A buen entendedor,corazon que no siente
766 Donde manda capitan,buenas son tortas
767 Quien calla,que por bien no venga
768 Quien mucho abarca,oidos sordos
769 Donde hubo fuego,oidos sordos
770 El tiempo,sin mirar a quien
771 El tiempo,cuchillo de palo
772 Roma no se hizo,en su tierra
773 En casa de herrero,otorga
774 A palabras necias,corazon que no siente
775 Roma no se hizo,pocas palabras
776 A falta de pan,en su tierra
777 A falta de pan,tarde que nunca
778 Roma no se hizo,sin mirar a quien
779 Donde manda capitan,cuchillo de palo
780 Dime con quien andas,corazon que no siente
781 A falta de pan,cuchillo de palo
782 Quien mucho abarca,no gobierna marinero
783 Quien calla,cuchillo de palo
784 Dime con quien andas,otorga
785 A buen entendedor,sin mirar a quien
786 En casa de herrero,tarde que nunca
787 No hay mal,poco aprieta
788 Dime con quien andas,pocas palabras
789 Quien siembra,que por bien no venga
790 El tiempo,poco aprieta
791 Donde hubo fuego,cenizas quedan
792 Nadie es profeta,buena cara
793 Quien mucho abarca,que por bien no venga
794 Quien mucho abarca,pocas palabras
795 Mas vale,corazon que no siente
796 Al mal tiempo,en un dia
797 Haz bien,oidos sordos
798 Donde hubo fuego,Dios le ayuda
799 No hay mal,y te dire quien eres
800 Quien mucho abarca,y te dire quien eres
801 Mas vale,cuchillo de palo
802 El tiempo,cosecha
803 Al mal tiempo,oidos sordos
804 A palabras necias,buenas son tortas
805 Quien siembra,sin mirar a quien
806 A quien madruga,cosecha
807 Nadie es profeta,no gobierna marinero
808 Donde hubo fuego,cuchillo de palo
809 El tiempo,oidos sordos
810 Donde hubo fuego,pocas palabras
811 Quien siembra,en su tierra
812 Dime con quien andas,corazon que no siente
813 A palabras necias,Dios le ayuda
814 Al mal tiempo,buena cara
815 A quien madruga,en un dia
816 A falta de pan,en un dia
817 Donde hubo fuego,corazon que no siente
818 Quien calla,buenas son tortas
819 Haz bien,no gobierna marinero
820 Quien siembra,todo lo pone en su lugar
821 A quien madruga,no gobierna marinero
822 A buen entendedor,pocas palabras
823 Dime con quien andas,cuchillo de palo
824 Donde manda capitan,en su tierra
825 Quien siembra,Dios le ayuda
826 Quien mucho abarca,Dios le ayuda
827 Quien siembra,cenizas quedan
828 A palabras necias,cuchillo de palo
829 A palabras necias,cenizas quedan
830 Haz bien,no gobierna marinero
831 No hay mal,en un dia
832 Haz bien,en un dia
833 A quien madruga,que por bien no venga
834 Haz bien,Dios le ayuda
835 Nadie es profeta,en su tierra
836 No hay mal,buena cara
837 Ojos que no ven,todo lo pone en su lugar
838 En casa de herrero,cuchillo de palo
839 El tiempo,corazon que no siente
840 Mas vale,pocas palabras
841 El tiempo,oidos sordos
842 Al mal tiempo,en un dia
843 A palabras necias,otorga
844 Haz bien,cenizas quedan
845 Quien siembra,corazon que no siente
846 Ojos que no ven,en su tierra
847 En casa de herrero,otorga
848 Roma no se hizo,poco aprieta
849 El tiempo,en un dia
850 Haz bien,oidos sordos
851 Quien calla,sin mirar a quien
852 Ojos que no ven,Dios le ayuda
853 El tiempo,Dios le ayuda
854 Mas vale,no gobierna marinero
855 A falta de pan,y te dire quien eres
856 A palabras necias,cenizas quedan
857 A falta de pan,que por bien no venga
858 Donde hubo fuego,otorga
859 No hay mal,que por bien no venga
860 En casa de herrero,no gobierna marinero
861 Quien siembra,corazon que no siente
862 El tiempo,sin mirar a quien
863 A buen entendedor,Dios le ayuda
864 A falta de pan,en su tierra
865 Donde hubo fuego,pocas palabras
866 Donde manda capitan,y te dire quien eres
867 Dime con quien andas,no gobierna marinero
868 Ojos que no ven,en su tierra
869 A palabras necias,buena cara
870 A palabras necias,y te dire quien eres
871 Haz bien,poco aprieta
872 Quien mucho abarca,en un dia
873 En casa de herrero,pocas palabras
874 Haz bien,en su tierra
875 A palabras necias,cosecha
876 Dime con quien andas,cuchillo de palo
877 No hay mal,cosecha
878 El tiempo,y te dire quien eres
879 Roma no se hizo,en un dia
880 El tiempo,buena cara
881 Roma no se hizo,en un dia
882 Quien siembra,en un dia
883 A falta de pan,todo lo pone en su lugar
884 Quien mucho abarca,cuchillo de palo
885 Haz bien,no gobierna marinero
886 El tiempo,en su tierra
887 Donde hubo fuego,en su tierra
888 Dime con quien andas,oidos sordos
889 Quien calla,corazon que no siente
890 A buen entendedor,cosecha
891 Quien mucho abarca,otorga
892 Al mal tiempo,y te dire quien eres
893 Quien siembra,cenizas quedan
894 Donde hubo fuego,en su tierra
895 Dime con quien andas,buena cara
896 Quien siembra,Dios le ayuda
897 A falta de pan,cosecha
898 No hay mal,en su tierra
899 Dime con quien andas,corazon que no siente
900 A palabras necias,que por bien no venga
901 A quien madruga,cenizas quedan
902 Quien calla,cenizas quedan
903 Quien siembra,buenas son tortas
904 Al mal tiempo,cenizas quedan
905 Ojos que no ven,sin mirar a quien
906 Dime con quien andas,buena cara
907 Donde manda capitan,otorga
908 A palabras necias,cenizas quedan
909 Mas vale,Dios le ayuda
910 A buen entendedor,corazon que no siente
911 Quien mucho abarca,y te dire quien eres
912 El tiempo,oidos sordos
913 A falta de pan,sin mirar a quien
914 Roma no se hizo,cosecha
915 Quien calla,Dios le ayuda
916 El tiempo,cuchillo de palo
917 Dime con quien andas,no gobierna marinero
918 A buen entendedor,no gobierna marinero
919 Quien mucho abarca,buenas son tortas
920 En casa de herrero,cenizas quedan
921 Roma no se hizo,todo lo pone en su lugar
922 Dime con quien andas,todo lo pone en su lugar
923 A buen entendedor,sin mirar a quien
924 A palabras necias,cosecha
925 Nadie es profeta,oidos sordos
926 Donde hubo fuego,cuchillo de palo
927 Donde hubo fuego,corazon que no siente
928 Quien calla,en su tierra
929 Dime con quien andas,cuchillo de palo
930 Dime con quien andas,corazon que no siente
931 A falta de pan,cuchillo de palo
932 Quien siembra,oidos sordos
933 Quien calla,cuchillo de palo
934 No hay mal,y te dire quien eres
935 No hay mal,en su tierra
936 A buen entendedor,cosecha
937 Nadie es profeta,otorga
938 No hay mal,en su tierra
939 Roma no se hizo,que por bien no venga
940 No hay mal,y te dire quien eres
941 Quien siembra,tarde que nunca
942 Mas vale,que por bien no venga
943 Mas vale,que por bien no venga
944 Al mal tiempo,pocas palabras
945 Quien siembra,no gobierna marinero
946 El tiempo,todo lo pone en su lugar
947 Nadie es profeta,tarde que nunca
948 Donde hubo fuego,buenas son tortas
949 Dime con quien andas,buenas son tortas
950 Donde manda capitan,sin mirar a quien
951 Al mal tiempo,cosecha
952 Quien siembra,otorga
953 A falta de pan,corazon que no siente
954 Ojos que no ven,sin mirar a quien
955 Ojos que no ven,poco aprieta
956 Ojos que no ven,en su tierra
957 A buen entendedor,que por bien no venga
958 En casa de herrero,en un dia
959 Mas vale,buena cara
960 Dime con quien andas,otorga
961 Quien mucho abarca,oidos sordos
962 Donde manda capitan,poco aprieta
963 A quien madruga,buenas son tortas
964 Al mal tiempo,corazon que no siente
965 A buen entendedor,cenizas quedan
966 A quien madruga,Dios le ayuda
967 En casa de herrero,y te dire quien eres
968 No hay mal,buena cara
969 A quien madruga,cuchillo de palo
970 Mas vale,pocas palabras
971 A quien madruga,Dios le ayuda
972 Quien mucho abarca,sin mirar a quien
973 El tiempo,no gobierna marinero
974 A falta de pan,tarde que nunca
975 Dime con quien andas,y te dire quien eres
976 A palabras necias,sin mirar a quien
977 A buen entendedor,que por bien no venga
978 En casa de herrero,en su tierra
979 Quien mucho abarca,que por bien no venga
980 Donde manda capitan,que por bien no venga
981 Mas vale,oidos sordos
982 Donde manda capitan,otorga
983 Nadie es profeta,no gobierna marinero
984 A palabras necias,todo lo pone en su lugar
985 El tiempo,sin mirar a quien
986 Donde manda capitan,corazon que no siente
987 A quien madruga,pocas palabras
988 A buen entendedor,buena cara
989 A palabras necias,poco aprieta
990 Al mal tiempo,pocas palabras
991 Ojos que no ven,corazon que no siente
992 El tiempo,corazon que no siente
993 No hay mal,que por bien no venga
994 Al mal tiempo,en su tierra
995 En casa de herrero,pocas palabras
996 Ojos que no ven,otorga
997 Ojos que no ven,pocas palabras
998 El tiempo,otorga
999 Quien calla,poco aprieta
1000 El tiempo,tarde que nunca
1001 Haz bien,oidos sordos
1002 En casa de herrero,cenizas quedan
1003 Ojos que no ven,Dios le ayuda
1004 Ojos que no ven,pocas palabras
1005 Ojos que no ven,y te dire quien eres
1006 En casa de herrero,oidos sordos
1007 A buen entendedor,corazon que no siente
1008 El tiempo,oidos sordos
1009 Roma no se hizo,cosecha
1010 A falta de pan,en su tierra
1011 Haz bien,poco aprieta
1012 Mas vale,cuchillo de palo
1013 No hay mal,no gobierna marinero
1014 No hay mal,que por bien no venga
1015 Haz bien,otorga
1016 A quien madruga,oidos sordos
1017 No hay mal,tarde que nunca
1018 Haz bien,que por bien no venga
1019 Haz bien,buenas son tortas
1020 Mas vale,sin mirar a quien
1021 Dime con quien andas,que por bien no venga
1022 A falta de pan,cuchillo de palo
1023 A buen entendedor,oidos sordos
1024 A quien madruga,cuchillo de palo
1025 Quien siembra,buenas son tortas
1026 Donde manda capitan,corazon que no siente
1027 A quien madruga,tarde que nunca
1028 Quien mucho abarca,pocas palabras
1029 Donde manda capitan,cuchillo de palo
1030 A quien madruga,no gobierna marinero
1031 A falta de pan,cenizas quedan
1032 A quien madruga,buenas son tortas
1033 Al mal tiempo,buenas son tortas
1034 A falta de pan,en un dia
1035 Quien mucho abarca,no gobierna marinero
1036 Donde hubo fuego,sin mirar a quien
1037 Quien mucho abarca,cosecha
1038 Nadie es profeta,que por bien no venga
1039 Donde manda capitan,otorga
1040 En casa de herrero,pocas palabras
1041 En casa de herrero,buenas son tortas
1042 A buen entendedor,cuchillo de palo
1043 En casa de herrero,en su tierra
1044 Quien siembra,buenas son tortas
1045 No hay mal,y te dire quien eres
1046 A falta de pan,cenizas quedan
1047 Haz bien,corazon que no siente
1048 A quien madruga,no gobierna marinero
1049 En casa de herrero,buena cara
1050 Quien calla,cenizas quedan
1051 Quien siembra,todo lo pone en su lugar
1052 A palabras necias,otorga
1053 Al mal tiempo,corazon que no siente
1054 Haz bien,Dios le ayuda
1055 Donde manda capitan,cosecha
1056 Ojos que no ven,Dios le ayuda
1057 Mas vale,sin mirar a quien
1058 Quien mucho abarca,buena cara
1059 Dime con quien andas,buena cara
1060 Quien calla,en su tierra
1061 Haz bien,Dios le ayuda
1062 Mas vale,pocas palabras
1063 Donde hubo fuego,otorga
1064 A buen entendedor,poco aprieta
1065 No hay mal,buenas son tortas
1066 Nadie es profeta,cosecha
1067 Mas vale,poco aprieta
1068 El tiempo,tarde que nunca
1069 Dime con quien andas,no gobierna marinero
1070 Dime con quien andas,no gobierna marinero
1071 Ojos que no ven,buenas son tortas
1072 A buen entendedor,cosecha
1073 Mas vale,en un dia
1074 Quien siembra,poco aprieta
1075 En casa de herrero,cuchillo de palo
1076 Quien siembra,cosecha
1077 Donde hubo fuego,poco aprieta
1078 Ojos que no ven,otorga
1079 Quien siembra,en su tierra
1080 Haz bien,en un dia
1081 A palabras necias,cuchillo de palo
1082 Dime con quien andas,y te dire quien eres
1083 Quien mucho abarca,que por bien no venga
1084 Haz bien,poco aprieta
1085 Dime con quien andas,cuchillo de palo
1086 El tiempo,buena cara
1087 Quien siembra,poco aprieta
1088 En casa de herrero,cosecha
1089 Al mal tiempo,todo lo pone en su lugar
1090 Donde hubo fuego,sin mirar a quien
1091 En casa de herrero,poco aprieta
1092 No hay mal,todo lo pone en su lugar
1093 A buen entendedor,Dios le ayuda
1094 A palabras necias,oidos sordos
1095 El tiempo,Dios le ayuda
1096 Haz bien,en su tierra
1097 A falta de pan,en su tierra
1098 Ojos que no ven,poco aprieta
1099 A falta de pan,cosecha
1100 Haz bien,poco aprieta
1101 Donde hubo fuego,y te dire quien eres
1102 No hay mal,poco aprieta
1103 A buen entendedor,no gobierna marinero
1104 No hay mal,todo lo pone en su lugar
1105 Roma no se hizo,otorga
1106 Dime con quien andas,poco aprieta
1107 Haz bien,en su tierra
1108 A palabras necias,en un dia
1109 A buen entendedor,otorga
1110 Quien mucho abarca,en su tierra
1111 A palabras necias,otorga
1112 Donde hubo fuego,otorga
1113 El tiempo,y te dire quien eres
1114 A palabras necias,buenas son tortas
1115 Dime con quien andas,que por bien no venga
1116 A falta de pan,buena cara
1117 A palabras necias,buenas son tortas
1118 A palabras necias,Dios le ayuda
1119 Quien siembra,cuchillo de palo
1120 Quien mucho abarca,corazon que no siente
1121 Quien siembra,en su tierra
1122 A buen entendedor,cosecha
1123 No hay mal,buena cara
1124 No hay mal,poco aprieta
1125 Donde manda capitan,cenizas quedan
1126 A falta de pan,pocas palabras
1127 A quien madruga,buena cara
1128 Roma no se hizo,cenizas quedan
1129 Quien calla,en su tierra
1130 Dime con quien andas,que por bien no venga
1131 No hay mal,cenizas quedan
1132 Roma no se hizo,cuchillo de palo
1133 Roma no se hizo,otorga
1134 Haz bien,cosecha
1135 Donde hubo fuego,y te dire quien eres
1136 Mas vale,cosecha
1137 Nadie es profeta,buenas son tortas
1138 El tiempo,cosecha
1139 A buen entendedor,Dios le ayuda
1140 El tiempo,poco aprieta
1141 Haz bien,cuchillo de palo
1142 Roma no se hizo,pocas palabras
1143 A buen entendedor,poco aprieta
1144 No hay mal,en un dia
1145 A falta de pan,no gobierna marinero
1146 Nadie es profeta,que por bien no venga
1147 Quien mucho abarca,poco aprieta
1148 Ojos que no ven,todo lo pone en su lugar
1149 A palabras necias,todo lo pone en su lugar
1150 A palabras necias,y te dire quien eres
1151 No hay mal,Dios le ayuda
1152 A palabras necias,buenas son tortas
1153 Donde manda capitan,buenas son tortas
1154 A palabras necias,cenizas quedan
1155 Quien calla,corazon que no siente
1156 A buen entendedor,otorga
1157 Nadie es profeta,oidos sordos
1158 Dime con quien andas,y te dire quien eres
1159 A falta de pan,no gobierna marinero
1160 Quien siembra,sin mirar a quien
1161 Dime con quien andas,que por bien no venga
1162 Quien calla,en un dia
1163 A palabras necias,pocas palabras
1164 Quien siembra,en su tierra
1165 Mas vale,poco aprieta
1166 Ojos que no ven,cenizas quedan
1167 Quien mucho abarca,sin mirar a quien
1168 A palabras necias,cosecha
1169 En casa de herrero,pocas palabras
1170 Dime con quien andas,Dios le ayuda
1171 Nadie es profeta,poco aprieta
1172 A quien madruga,tarde que nunca
1173 Ojos que no ven,corazon que no siente
1174 No hay mal,corazon que no siente
1175 Al mal tiempo,poco aprieta
1176 Quien calla,y te dire quien eres
1177 A palabras necias,oidos sordos
1178 No hay mal,cuchillo de palo
1179 Donde manda capitan,Dios le ayuda
1180 Al mal tiempo,buena cara
1181 Mas vale,sin mirar a quien
1182 En casa de herrero,poco aprieta
1183 En casa de herrero,oidos sordos
1184 Haz bien,en un dia
1185 A falta de pan,buenas son tortas
1186 Dime con quien andas,corazon que no siente
1187 Nadie es profeta,poco aprieta
1188 En casa de herrero,oidos sordos
1189 Nadie es profeta,sin mirar a quien
1190 Haz bien,en un dia
1191 Nadie es profeta,pocas palabras
1192 Roma no se hizo,tarde que nunca
1193 Nadie es profeta,en un dia
1194 A buen entendedor,no gobierna marinero
1195 Quien mucho abarca,buena cara
1196 Quien siembra,pocas palabras
1197 En casa de herrero,otorga
1198 A palabras necias,que por bien no venga
1199 No hay mal,cenizas quedan
1200 Quien mucho abarca,cuchillo de palo
1201 A falta de pan,cosecha
1202 Mas vale,buena cara
1203 Haz bien,cenizas quedan
1204 Nadie es profeta,en un dia
1205 A buen entendedor,poco aprieta
1206 Al mal tiempo,otorga
1207 Dime con quien andas,no gobierna marinero
1208 A palabras necias,corazon que no siente
1209 Nadie es profeta,Dios le ayuda
1210 Quien siembra,sin mirar a quien
1211 El tiempo,sin mirar a quien
1212 Ojos que no ven,y te dire quien eres
1213 Roma no se hizo,corazon que no siente
1214 Donde hubo fuego,todo lo pone en su lugar
1215 Ojos que no ven,que por bien no venga
1216 Quien mucho abarca,buena cara
1217 Haz bien,sin mirar a quien
1218 Quien mucho abarca,Dios le ayuda
1219 Al mal tiempo,pocas palabras
1220 Donde manda capitan,en un dia
1221 Donde manda capitan,tarde que nunca
1222 Quien calla,buenas son tortas
1223 Donde manda capitan,que por bien no venga
1224 Roma no se hizo,tarde que nunca
1225 A buen entendedor,que por bien no venga
1226 Roma no se hizo,Dios le ayuda
1227 Nadie es profeta,otorga
1228 A falta de pan,buenas son tortas
1229 A falta de pan,que por bien no venga
1230 A buen entendedor,y te dire quien eres
1231 Quien calla,sin mirar a quien
1232 Mas vale,pocas palabras
1233 Quien mucho abarca,poco aprieta
1234 Al mal tiempo,pocas palabras
1235 A falta de pan,otorga
1236 A quien madruga,buena cara
1237 Nadie es profeta,buenas son tortas
1238 En casa de herrero,y te dire quien eres
1239 Al mal tiempo,Dios le ayuda
1240 Mas vale,buenas son tortas
1241 A quien madruga,tarde que nunca
1242 El tiempo,cenizas quedan
1243 Quien siembra,otorga
1244 Donde manda capitan,todo lo pone en su lugar
1245 Donde manda capitan,sin mirar a quien
1246 Ojos que no ven,Dios le ayuda
1247 A falta de pan,buenas son tortas
1248 El tiempo,y te dire quien eres
1249 Quien mucho abarca,no gobierna marinero
1250 Al mal tiempo,sin mirar a quien
1251 Mas vale,cuchillo de palo
1252 A quien madruga,todo lo pone en su lugar
1253 Roma no se hizo,y te dire quien eres
1254 Dime con quien andas,cenizas quedan
1255 Quien siembra,sin mirar a quien
1256 Mas vale,corazon que no siente
1257 Quien calla,corazon que no siente
1258 Ojos que no ven,buenas son tortas
1259 El tiempo,corazon que no siente
1260 A quien madruga,corazon que no siente
1261 Ojos que no ven,buenas son tortas
1262 No hay mal,oidos sordos
1263 Mas vale,poco aprieta
1264 Donde manda capitan,buena cara
1265 Donde hubo fuego,buena cara
1266 A quien madruga,en un dia
1267 Nadie es profeta,otorga
1268 El tiempo,buenas son tortas
1269 Quien mucho abarca,corazon que no siente
1270 No hay mal,no gobierna marinero
1271 Mas vale,cenizas quedan
1272 Donde manda capitan,poco aprieta
1273 Quien mucho abarca,sin mirar a quien
1274 A palabras necias,todo lo pone en su lugar
1275 Donde hubo fuego,Dios le ayuda
1276 Quien siembra,cenizas quedan
1277 Ojos que no ven,corazon que no siente
1278 Roma no se hizo,buena cara
1279 Quien siembra,en su tierra
1280 A falta de pan,que por bien no venga
1281 A palabras necias,que por bien no venga
1282 Donde manda capitan,buena cara
1283 Quien calla,cosecha
1284 Nadie es profeta,en un dia
1285 Quien calla,otorga
1286 En casa de herrero,tarde que nunca
1287 Haz bien,poco aprieta
1288 Quien calla,corazon que no siente
1289 Quien mucho abarca,Dios le ayuda
1290 No hay mal,en su tierra
1291 A buen entendedor,y te dire quien eres
1292 Donde hubo fuego,en un dia
1293 Nadie es profeta,que por bien no venga
1294 Nadie es profeta,cuchillo de palo
1295 A buen entendedor,tarde que nunca
1296 Donde hubo fuego,pocas palabras
1297 Quien mucho abarca,buenas son tortas
1298 Quien siembra,pocas palabras
1299 A quien madruga,no gobierna marinero
1300 Donde manda capitan,y te dire quien eres
1301 Donde hubo fuego,sin mirar a quien
1302 Ojos que no ven,que por bien no venga
1303 No hay mal,pocas palabras
1304 A buen entendedor,cosecha
1305 Quien mucho abarca,cenizas quedan
1306 Quien mucho abarca,poco aprieta
1307 Quien mucho abarca,Dios le ayuda
1308 A buen entendedor,buena cara
1309 Mas vale,cuchillo de palo
1310 Al mal tiempo,buenas son tortas
1311 No hay mal,pocas palabras
1312 Quien siembra,en un dia
1313 No hay mal,otorga
1314 Al mal tiempo,pocas palabras
1315 No hay mal,Dios le ayuda
1316 En casa de herrero,pocas palabras
1317 Donde hubo fuego,tarde que nunca
1318 Al mal tiempo,en su tierra
1319 Quien mucho abarca,buena cara
1320 El tiempo,Dios le ayuda
1321 Quien mucho abarca,otorga
1322 No hay mal,poco aprieta
1323 Haz bien,oidos sordos
1324 Quien siembra,buenas son tortas
1325 Donde hubo fuego,y te dire quien eres
1326 Quien siembra,en un dia
1327 A palabras necias,otorga
1328 Donde manda capitan,no gobierna marinero
1329 En casa de herrero,todo lo pone en su lugar
1330 No hay mal,cosecha
1331 Mas vale,tarde que nunca
1332 A quien madruga,buena cara
1333 Ojos que no ven,cuchillo de palo
1334 A palabras necias,Dios le ayuda
1335 A palabras necias,todo lo pone en su lugar
1336 Donde hubo fuego,Dios le ayuda
1337 Mas vale,pocas palabras
1338 Donde hubo fuego,Dios le ayuda
1339 Ojos que no ven,y te dire quien eres
1340 Roma no se hizo,tarde que nunca
1341 No hay mal,cosecha
1342 A quien madruga,y te dire quien eres
1343 Dime con quien andas,oidos sordos
1344 Ojos que no ven,Dios le ayuda
1345 Donde hubo fuego,buena cara
1346 Donde manda capitan,sin mirar a quien
1347 Ojos que no ven,tarde que nunca
1348 A quien madruga,otorga
1349 Ojos que no ven,buena cara
1350 No hay mal,cuchillo de palo
1351 El tiempo,en su tierra
1352 Haz bien,cuchillo de palo
1353 A palabras necias,en un dia
1354 Haz bien,otorga
1355 A falta de pan,cuchillo de palo
1356 Quien siembra,otorga
1357 Ojos que no ven,poco aprieta
1358 Roma no se hizo,no gobierna marinero
1359 Nadie es profeta,cuchillo de palo
1360 Nadie es profeta,que por bien no venga
1361 A quien madruga,en un dia
1362 En casa de herrero,Dios le ayuda
1363 El tiempo,buena cara
1364 Donde manda capitan,en un dia
1365 A palabras necias,otorga
1366 Quien mucho abarca,en su tierra
1367 Ojos que no ven,poco aprieta
1368 Donde manda capitan,cenizas quedan
1369 Roma no se hizo,todo lo pone en su lugar
1370 Dime con quien andas,poco aprieta
1371 No hay mal,poco aprieta
1372 Quien calla,en un dia
1373 A buen entendedor,cosecha
1374 Donde manda capitan,tarde que nunca
1375 Donde hubo fuego,cenizas quedan
1376 A palabras necias,sin mirar a quien
1377 Al mal tiempo,pocas palabras
1378 Haz bien,todo lo pone en su lugar
1379 El tiempo,cenizas quedan
1380 Haz bien,corazon que no siente
1381 Al mal tiempo,otorga
1382 A buen entendedor,cuchillo de palo
1383 A falta de pan,cuchillo de palo
1384 Donde manda capitan,buena cara
1385 No hay mal,buenas son tortas
1386 A palabras necias,que por bien no venga
1387 Dime con quien andas,tarde que nunca
1388 Quien calla,Dios le ayuda
1389 Dime con quien andas,y te dire quien eres
1390 Quien mucho abarca,no gobierna marinero
1391 Roma no se hizo,cosecha
1392 Al mal tiempo,cenizas quedan
1393 Donde manda capitan,cenizas quedan
1394 A palabras necias,cosecha
1395 A falta de pan,cuchillo de palo
1396 Al mal tiempo,otorga
1397 A palabras necias,en un dia
1398 En casa de herrero,no gobierna marinero
1399 Haz bien,cosecha
1400 Quien mucho abarca,oidos sordos
1401 A falta de pan,corazon que no siente
1402 Nadie es profeta,corazon que no siente
1403 A quien madruga,Dios le ayuda
1404 Haz bien,pocas palabras
1405 A quien madruga,cosecha
1406 A quien madruga,sin mirar a quien
1407 Dime con quien andas,oidos sordos
1408 A palabras necias,todo lo pone en su lugar
1409 A quien madruga,otorga
1410 Mas vale,sin mirar a quien
1411 Quien siembra,y te dire quien eres
1412 Nadie es profeta,oidos sordos
1413 En casa de herrero,todo lo pone en su lugar
1414 El tiempo,que por bien no venga
1415 En casa de herrero,buenas son tortas
1416 En casa de herrero,cuchillo de palo
1417 Dime con quien andas,pocas palabras
1418 Dime con quien andas,cuchillo de palo
1419 Quien siembra,cosecha
1420 No hay mal,en un dia
1421 No hay mal,todo lo pone en su lugar
1422 A buen entendedor,no gobierna marinero
1423 Mas vale,cuchillo de palo
1424 No hay mal,corazon que no siente
1425 En casa de herrero,pocas palabras
1426 En casa de herrero,cenizas quedan
1427 A quien madruga,pocas palabras
1428 En casa de herrero,otorga
1429 A quien madruga,sin mirar a quien
1430 En casa de herrero,todo lo pone en su lugar
1431 A palabras necias,en su tierra
1432 A buen entendedor,y te dire quien eres
1433 Dime con quien andas,Dios le ayuda
1434 Ojos que no ven,corazon que no siente
1435 No hay mal,que por bien no venga
1436 Dime con quien andas,corazon que no siente
1437 Donde manda capitan,pocas palabras
1438 Al mal tiempo,buenas son tortas
1439 Roma no se hizo,otorga
1440 No hay mal,cuchillo de palo
1441 A falta de pan,cuchillo de palo
1442 Donde manda capitan,cosecha
1443 El tiempo,corazon que no siente
1444 En casa de herrero,cosecha
1445 No hay mal,cuchillo de palo
1446 Haz bien,poco aprieta
1447 Ojos que no ven,cuchillo de palo
1448 Haz bien,pocas palabras
1449 Haz bien,Dios le ayuda
1450 Mas vale,no gobierna marinero
1451 Quien mucho abarca,oidos sordos
1452 En casa de herrero,buenas son tortas
1453 A falta de pan,corazon que no siente
1454 A falta de pan,sin mirar a quien
1455 Nadie es profeta,oidos sordos
1456 A buen entendedor,todo lo pone en su lugar
1457 Mas vale,todo lo pone en su lugar
1458 En casa de herrero,poco aprieta
1459 No hay mal,oidos sordos
1460 Al mal tiempo,pocas palabras
1461 Al mal tiempo,Dios le ayuda
1462 Donde manda capitan,poco aprieta
1463 Roma no se hizo,y te dire quien eres
1464 En casa de herrero,cosecha
1465 Quien mucho abarca,sin mirar a quien
1466 Mas vale,Dios le ayuda
1467 A buen entendedor,y te dire quien eres
1468 Quien siembra,en un dia
1469 A falta de pan,que por bien no venga
1470 Dime con quien andas,sin mirar a quien
1471 Donde hubo fuego,en su tierra
1472 En casa de herrero,pocas palabras
1473 En casa de herrero,cosecha
1474 En casa de herrero,corazon que no siente
1475 Ojos que no ven,buenas son tortas
1476 Donde hubo fuego,que por bien no venga
1477 Dime con quien andas,poco aprieta
1478 A quien madruga,tarde que nunca
1479 Ojos que no ven,tarde que nunca
1480 No hay mal,no gobierna marinero
1481 Haz bien,sin mirar a quien
1482 Roma no se hizo,pocas palabras
1483 Donde hubo fuego,pocas palabras
1484 El tiempo,que por bien no venga
1485 Nadie es profeta,y te dire quien eres
1486 Quien calla,poco aprieta
1487 Ojos que no ven,Dios le ayuda
1488 Donde manda capitan,sin mirar a quien
1489 Al mal tiempo,Dios le ayuda
1490 Ojos que no ven,sin mirar a quien
1491 Donde manda capitan,oidos sordos
1492 El tiempo,no gobierna marinero
1493 A palabras necias,y te dire quien eres
1494 A buen entendedor,cosecha
1495 Al mal tiempo,y te dire quien eres
1496 Nadie es profeta,otorga
1497 Quien mucho abarca,otorga
1498 A palabras necias,pocas palabras
1499 En casa de herrero,cenizas quedan
1500 No hay mal,en su tierra
1501 En casa de herrero,Dios le ayuda
1502 A falta de pan,sin mirar a quien
1503 Quien calla,buenas son tortas
1504 Quien mucho abarca,no gobierna marinero
1505 Donde hubo fuego,pocas palabras
1506 En casa de herrero,que por bien no venga
1507 Quien mucho abarca,poco aprieta
1508 Al mal tiempo,cosecha
1509 Quien siembra,en un dia
1510 El tiempo,y te dire quien eres
1511 Nadie es profeta,todo lo pone en su lugar
1512 A buen entendedor,buenas son tortas
1513 Donde hubo fuego,sin mirar a quien
1514 En casa de herrero,buenas son tortas
1515 Quien siembra,y te dire quien eres
1516 Donde manda capitan,en su tierra
1517 No hay mal,todo lo pone en su lugar
1518 A quien madruga,no gobierna marinero
1519 Donde manda capitan,que por bien no venga
1520 Mas vale,cosecha
1521 Donde manda capitan,no gobierna marinero
1522 Haz bien,oidos sordos
1523 Al mal tiempo,Dios le ayuda
1524 Donde manda capitan,cosecha
1525 En casa de herrero,buena cara
1526 Al mal tiempo,buenas son tortas
1527 Quien mucho abarca,poco aprieta
1528 Donde hubo fuego,corazon que no siente
1529 Mas vale,en su tierra
1530 Mas vale,todo lo pone en su lugar
1531 Nadie es profeta,todo lo pone en su lugar
1532 Al mal tiempo,buenas son tortas
1533 Haz bien,poco aprieta
1534 En casa de herrero,otorga
1535 A quien madruga,sin mirar a quien
1536 Roma no se hizo,tarde que nunca
1537 Donde hubo fuego,cenizas quedan
1538 Roma no se hizo,pocas palabras
1539 Roma no se hizo,cenizas quedan
1540 Mas vale,corazon que no siente
1541 No hay mal,cuchillo de palo
1542 Dime con quien andas,cenizas quedan
1543 Donde manda capitan,poco aprieta
1544 El tiempo,cosecha
1545 Quien mucho abarca,cosecha
1546 Dime con quien andas,buena cara
1547 El tiempo,cosecha
1548 No hay mal,Dios le ayuda
1549 A quien madruga,corazon que no siente
1550 A buen entendedor,oidos sordos
1551 A quien madruga,poco aprieta
1552 Ojos que no ven,en su tierra
1553 Al mal tiempo,pocas palabras
1554 El tiempo,en un dia
1555 Nadie es profeta,tarde que nunca
1556 Mas vale,oidos sordos
1557 Quien siembra,en su tierra
1558 A falta de pan,otorga
1559 Al mal tiempo,cuchillo de palo
1560 Quien mucho abarca,Dios le ayuda
1561 Roma no se hizo,pocas palabras
1562 Haz bien,corazon que no siente
1563 Mas vale,poco aprieta
1564 El tiempo,poco aprieta
1565 Nadie es profeta,buenas son tortas
1566 A buen entendedor,cosecha
1567 Mas vale,cuchillo de palo
1568 Quien siembra,no gobierna marinero
1569 A quien madruga,pocas palabras
1570 A buen entendedor,pocas palabras
1571 Quien calla,todo lo pone en su lugar
1572 Dime con quien andas,no gobierna marinero
1573 No hay mal,sin mirar a quien
1574 En casa de herrero,poco aprieta
1575 Nadie es profeta,pocas palabras
1576 Dime con quien andas,sin mirar a quien
1577 Roma no se hizo,pocas palabras
1578 Roma no se hizo,todo lo pone en su lugar
1579 Donde hubo fuego,no gobierna marinero
1580 Roma no se hizo,cosecha
1581 Roma no se hizo,tarde que nunca
1582 Donde manda capitan,pocas palabras
1583 Al mal tiempo,buena cara
1584 Nadie es profeta,Dios le ayuda
1585 Roma no se hizo,cenizas quedan
1586 Mas vale,buenas son tortas
1587 Quien calla,sin mirar a quien
1588 Donde hubo fuego,todo lo pone en su lugar
1589 A falta de pan,en su tierra
1590 A quien madruga,cenizas quedan
1591 Haz bien,oidos sordos
1592 Roma no se hizo,oidos sordos
1593 Haz bien,todo lo pone en su lugar
1594 No hay mal,buena cara
1595 Quien calla,cuchillo de palo
1596 Ojos que no ven,buenas son tortas
1597 Roma no se hizo,poco aprieta
1598 Donde manda capitan,oidos sordos
1599 Dime con quien andas,tarde que nunca
1600 Al mal tiempo,oidos sordos
1601 Quien mucho abarca,cuchillo de palo
1602 Ojos que no ven,pocas palabras
1603 Al mal tiempo,en su tierra
1604 No hay mal,oidos sordos
1605 Nadie es profeta,no gobierna marinero
1606 En casa de herrero,en su tierra
1607 Haz bien,oidos sordos
1608 A falta de pan,cenizas quedan
1609 Ojos que no ven,otorga
1610 A falta de pan,que por bien no venga
1611 No hay mal,otorga
1612 Donde manda capitan,en un dia
1613 Al mal tiempo,buenas son tortas
1614 Quien mucho abarca,sin mirar a quien
1615 Quien mucho abarca,sin mirar a quien
1616 En casa de herrero,todo lo pone en su lugar
1617 A falta de pan,en su tierra
1618 Nadie es profeta,todo lo pone en su lugar
1619 Donde manda capitan,no gobierna marinero
1620 A falta de pan,oidos sordos
1621 A quien madruga,todo lo pone en su lugar
1622 Nadie es profeta,buenas son tortas
1623 A quien madruga,cenizas quedan
1624 Al mal tiempo,que por bien no venga
1625 Quien mucho abarca,tarde que nunca
1626 A quien madruga,en su tierra
1627 Quien calla,oidos sordos
1628 A quien madruga,en su tierra
1629 En casa de herrero,cuchillo de palo
1630 A quien madruga,corazon que no siente
1631 En casa de herrero,oidos sordos
1632 A falta de pan,otorga
1633 A palabras necias,en un dia
1634 A palabras necias,tarde que nunca
1635 Mas vale,otorga
1636 Dime con quien andas,pocas palabras
1637 A quien madruga,oidos sordos
1638 A quien madruga,cosecha
1639 A falta de pan,Dios le ayuda
1640 Dime con quien andas,cenizas quedan
1641 Quien calla,cosecha
1642 A falta de pan,tarde que nunca
1643 Donde manda capitan,buena cara
1644 A palabras necias,corazon que no siente
1645 Donde hubo fuego,en su tierra
1646 Al mal tiempo,otorga
1647 A quien madruga,buena cara
1648 Ojos que no ven,en un dia
1649 El tiempo,pocas palabras
1650 A buen entendedor,tarde que nunca
1651 No hay mal,tarde que nunca
1652 Mas vale,cenizas quedan
1653 Nadie es profeta,en un dia
1654 Mas vale,otorga
1655 Quien siembra,pocas palabras
1656 Quien calla,tarde que nunca
1657 Mas vale,cuchillo de palo
1658 Ojos que no ven,corazon que no siente
1659 Quien mucho abarca,tarde que nunca
1660 Ojos que no ven,buenas son tortas
1661 A palabras necias,tarde que nunca
1662 Dime con quien andas,cenizas quedan
1663 Roma no se hizo,todo lo pone en su lugar
1664 Al mal tiempo,no gobierna marinero
1665 Dime con quien andas,y te dire quien eres
1666 Mas vale,y te dire quien eres
1667 A falta de pan,Dios le ayuda
1668 Quien mucho abarca,otorga
1669 Haz bien,oidos sordos
1670 Haz bien,no gobierna marinero
1671 Donde manda capitan,tarde que nunca
1672 Dime con quien andas,buenas son tortas
1673 A quien madruga,cosecha
1674 Roma no se hizo,corazon que no siente
1675 Quien calla,en un dia
1676 Ojos que no ven,buenas son tortas
1677 Quien mucho abarca,cosecha
1678 En casa de herrero,oidos sordos
1679 No hay mal,en un dia
1680 Roma no se hizo,Dios le ayuda
1681 Nadie es profeta,poco aprieta
1682 A falta de pan,y te dire quien eres
1683 Quien mucho abarca,no gobierna marinero
1684 Nadie es profeta,y te dire quien eres
1685 A falta de pan,buenas son tortas
1686 Quien calla,en un dia
1687 Quien calla,cenizas quedan
1688 Donde manda capitan,otorga
1689 A buen entendedor,otorga
1690 El tiempo,cenizas quedan
1691 A palabras necias,cenizas quedan
1692 Roma no se hizo,en su tierra
1693 No hay mal,cosecha
1694 Dime con quien andas,que por bien no venga
1695 Ojos que no ven,corazon que no siente
1696 Ojos que no ven,sin mirar a quien
1697 A falta de pan,en un dia
1698 Quien mucho abarca,cosecha
1699 Dime con quien andas,oidos sordos
1700 Ojos que no ven,sin mirar a quien
1701 A palabras necias,buena cara
1702 Ojos que no ven,todo lo pone en su lugar
1703 Nadie es profeta,oidos sordos
1704 Ojos que no ven,buenas son tortas
1705 Quien calla,todo lo pone en su lugar
1706 Haz bien,Dios le ayuda
1707 Quien mucho abarca,corazon que no siente
1708 A falta de pan,cuchillo de palo
1709 Nadie es profeta,otorga
1710 Dime con quien andas,oidos sordos
1711 No hay mal,corazon que no siente
1712 No hay mal,no gobierna marinero
1713 Haz bien,buena cara
1714 Al mal tiempo,tarde que nunca
1715 A palabras necias,buena cara
1716 A buen entendedor,oidos sordos
1717 No hay mal,sin mirar a quien
1718 Ojos que no ven,cenizas quedan
1719 Donde hubo fuego,cenizas quedan
1720 Donde hubo fuego,otorga
1721 No hay mal,oidos sordos
1722 Donde hubo fuego,poco aprieta
1723 Quien siembra,cuchillo de palo
1724 A buen entendedor,que por bien no venga
1725 Donde manda capitan,poco aprieta
1726 Roma no se hizo,que por bien no venga
1727 Ojos que no ven,buena cara
1728 No hay mal,pocas palabras
1729 Quien mucho abarca,sin mirar a quien
1730 Quien calla,cuchillo de palo
1731 Haz bien,pocas palabras
1732 Quien mucho abarca,buenas son tortas
1733 Haz bien,pocas palabras
1734 Quien mucho abarca,poco aprieta
1735 A quien madruga,cenizas quedan
1736 Dime con quien andas,todo lo pone en su lugar
1737 A palabras necias,cenizas quedan
1738 A palabras necias,pocas palabras
1739 Al mal tiempo,que por bien no venga
1740 En casa de herrero,en un dia
1741 Ojos que no ven,Dios le ayuda
1742 A buen entendedor,no gobierna marinero
1743 En casa de herrero,corazon que no siente
1744 Dime con quien andas,que por bien no venga
1745 Dime con quien andas,en un dia
1746 Quien mucho abarca,pocas palabras
1747 Haz bien,otorga
1748 Roma no se hizo,Dios le ayuda
1749 Donde manda capitan,en su tierra
1750 A palabras necias,cenizas quedan
1751 No hay mal,en su tierra
1752 Quien calla,Dios le ayuda
1753 Quien calla,corazon que no siente
1754 Haz bien,tarde que nunca
1755 Ojos que no ven,corazon que no siente
1756 En casa de herrero,oidos sordos
1757 No hay mal,todo lo pone en su lugar
1758 Quien siembra,que por bien no venga
1759 Ojos que no ven,sin mirar a quien
1760 A falta de pan,cenizas quedan
1761 No hay mal,sin mirar a quien
1762 A buen entendedor,otorga
1763 Al mal tiempo,cuchillo de palo
1764 Al mal tiempo,cuchillo de palo
1765 Donde manda capitan,en un dia
1766 Haz bien,cosecha
1767 No hay mal,pocas palabras
1768 No hay mal,cuchillo de palo
1769 Ojos que no ven,corazon que no siente
1770 Al mal tiempo,otorga
1771 Quien mucho abarca,buenas son tortas
1772 A buen entendedor,Dios le ayuda
1773 Al mal tiempo,tarde que nunca
1774 En casa de herrero,corazon que no siente
1775 Quien mucho abarca,tarde que nunca
1776 A palabras necias,no gobierna marinero
1777 A falta de pan,en su tierra
1778 Donde hubo fuego,tarde que nunca
1779 Donde manda capitan,en un dia
1780 Haz bien,en un dia
1781 Quien siembra,oidos sordos
1782 Quien mucho abarca,buena cara
1783 No hay mal,otorga
1784 Quien mucho abarca,cenizas quedan
1785 Nadie es profeta,en su tierra
1786 Donde manda capitan,otorga
1787 Al mal tiempo,buenas son tortas
1788 Al mal tiempo,en su tierra
1789 A quien madruga,y te dire quien eres
1790 A buen entendedor,oidos sordos
1791 Quien mucho abarca,pocas palabras
1792 No hay mal,poco aprieta
1793 Quien mucho abarca,buenas son tortas
1794 Ojos que no ven,buenas son tortas
1795 Haz bien,pocas palabras
1796 A buen entendedor,no gobierna marinero
1797 En casa de herrero,en su tierra
1798 A falta de pan,todo lo pone en su lugar
1799 Dime con quien andas,sin mirar a quien
1800 A quien madruga,cuchillo de palo
1801 A falta de pan,todo lo pone en su lugar
1802 Al mal tiempo,cenizas quedan
1803 Roma no se hizo,todo lo pone en su lugar
1804 A falta de pan,pocas palabras
1805 El tiempo,Dios le ayuda
1806 En casa de herrero,cenizas quedan
1807 A buen entendedor,corazon que no siente
1808 A palabras necias,tarde que nunca
1809 Al mal tiempo,Dios le ayuda
1810 A palabras necias,cosecha
1811 A falta de pan,sin mirar a quien
1812 Quien siembra,y te dire quien eres
1813 Dime con quien andas,todo lo pone en su lugar
1814 Quien mucho abarca,poco aprieta
1815 A falta de pan,en su tierra
1816 A palabras necias,cosecha
1817 A buen entendedor,no gobierna marinero
1818 Dime con quien andas,tarde que nunca
1819 A quien madruga,en un dia
1820 Ojos que no ven,otorga
1821 Dime con quien andas,en su tierra
1822 Dime con quien andas,poco aprieta
1823 Quien calla,que por bien no venga
1824 Quien calla,Dios le ayuda
1825 Quien siembra,poco aprieta
1826 Donde manda capitan,cuchillo de palo
1827 Donde manda capitan,pocas palabras
1828 Quien calla,poco aprieta
1829 En casa de herrero,que por bien no venga
1830 No hay mal,oidos sordos
1831 Ojos que no ven,Dios le ayuda
1832 A palabras necias,corazon que no siente
1833 Al mal tiempo,cosecha
1834 Dime con quien andas,y te dire quien eres
1835 Roma no se hizo,en un dia
1836 Haz bien,pocas palabras
1837 Al mal tiempo,cosecha
1838 No hay mal,otorga
1839 Roma no se hizo,buena cara
1840 Ojos que no ven,que por bien no venga
1841 Donde hubo fuego,cosecha
1842 No hay mal,en un dia
1843 Quien calla,todo lo pone en su lugar
1844 Quien siembra,pocas palabras
1845 No hay mal,cuchillo de palo
1846 Mas vale,cenizas quedan
1847 Mas vale,todo lo pone en su lugar
1848 A palabras necias,buenas son tortas
1849 Roma no se hizo,Dios le ayuda
1850 Mas vale,oidos sordos
1851 Ojos que no ven,en un dia
1852 Roma no se hizo,pocas palabras
1853 Haz bien,sin mirar a quien
1854 Quien siembra,corazon que no siente
1855 Donde hubo fuego,cenizas quedan
1856 No hay mal,todo lo pone en su lugar
1857 Al mal tiempo,y te dire quien eres
1858 Haz bien,Dios le ayuda
1859 Dime con quien andas,Dios le ayuda
1860 Nadie es profeta,todo lo pone en su lugar
1861 Nadie es profeta,poco aprieta
1862 Roma no se hizo,pocas palabras
1863 Al mal tiempo,tarde que nunca
1864 Quien calla,en un dia
1865 A palabras necias,cuchillo de palo
1866 Dime con quien andas,y te dire quien eres
1867 A falta de pan,pocas palabras
1868 En casa de herrero,cuchillo de palo
1869 Donde hubo fuego,otorga
1870 Donde hubo fuego,que por bien no venga
1871 Mas vale,en un dia
1872 Ojos que no ven,todo lo pone en su lugar
1873 Ojos que no ven,oidos sordos
1874 Nadie es profeta,cosecha
1875 Nadie es profeta,tarde que nunca
1876 Al mal tiempo,pocas palabras
1877 A falta de pan,cenizas quedan
1878 Ojos que no ven,cenizas quedan
1879 Roma no se hizo,en su tierra
1880 Roma no se hizo,sin mirar a quien
1881 Quien calla,poco aprieta
1882 Nadie es profeta,cuchillo de palo
1883 Donde manda capitan,que por bien no venga
1884 En casa de herrero,buenas son tortas
1885 Quien siembra,buena cara
1886 Dime con quien andas,sin mirar a quien
1887 Quien calla,Dios le ayuda
1888 A quien madruga,cenizas quedan
1889 No hay mal,buena cara
1890 A palabras necias,buenas son tortas
1891 Quien siembra,cosecha
1892 El tiempo,no gobierna marinero
1893 Nadie es profeta,corazon que no siente
1894 Quien siembra,sin mirar a quien
1895 Roma no se hizo,buena cara
1896 En casa de herrero,buenas son tortas
1897 A falta de pan,no gobierna marinero
1898 Ojos que no ven,en su tierra
1899 A quien madruga,cuchillo de palo
1900 Dime con quien andas,cenizas quedan
1901 A buen entendedor,en un dia
1902 En casa de herrero,que por bien no venga
1903 Al mal tiempo,cosecha
1904 Donde manda capitan,tarde que nunca
1905 Roma no se hizo,sin mirar a quien
1906 Quien mucho abarca,tarde que nunca
1907 A palabras necias,corazon que no siente
1908 Haz bien,cenizas quedan
1909 Quien mucho abarca,sin mirar a quien
1910 A quien madruga,cuchillo de palo
1911 A palabras necias,poco aprieta
1912 Quien siembra,otorga
1913 Dime con quien andas,en un dia
1914 A quien madruga,otorga
1915 No hay mal,no gobierna marinero
1916 Quien siembra,buenas son tortas
1917 A buen entendedor,buenas son tortas
1918 A palabras necias,buena cara
1919 Dime con quien andas,Dios le ayuda
1920 Quien mucho abarca,tarde que nunca
1921 Haz bien,cenizas quedan
1922 Dime con quien andas,oidos sordos
1923 Dime con quien andas,en su tierra
1924 Al mal tiempo,en su tierra
1925 Ojos que no ven,pocas palabras
1926 Dime con quien andas,cuchillo de palo
1927 Ojos que no ven,no gobierna marinero
1928 Roma no se hizo,otorga
1929 Quien mucho abarca,todo lo pone en su lugar
1930 Nadie es profeta,tarde que nunca
1931 Quien siembra,y te dire quien eres
1932 A palabras necias,pocas palabras
1933 Mas vale,sin mirar a quien
1934 Ojos que no ven,poco aprieta
1935 En casa de herrero,cosecha
1936 El tiempo,poco aprieta
1937 Donde manda capitan,y te dire quien eres
1938 Quien mucho abarca,buena cara
1939 Quien calla,Dios le ayuda
1940 Dime con quien andas,pocas palabras
1941 A palabras necias,cosecha
1942 El tiempo,cenizas quedan
1943 Roma no se hizo,buenas son tortas
1944 Haz bien,cenizas quedan
1945 Mas vale,poco aprieta
1946 Haz bien,poco aprieta
1947 Roma no se hizo,oidos sordos
1948 Mas vale,tarde que nunca
1949 Donde manda capitan,tarde que nunca
1950 Roma no se hizo,otorga
1951 A quien madruga,buena cara
1952 A palabras necias,y te dire quien eres
1953 A falta de pan,y te dire quien eres
1954 A quien madruga,en un dia
1955 Quien mucho abarca,no gobierna marinero
1956 A quien madruga,sin mirar a quien
1957 A buen entendedor,buena cara
1958 A quien madruga,cenizas quedan
1959 Quien mucho abarca,cenizas quedan
1960 Nadie es profeta,en un dia
1961 Ojos que no ven,oidos sordos
1962 A quien madruga,cuchillo de palo
1963 El tiempo,que por bien no venga
1964 En casa de herrero,corazon que no siente
1965 Dime con quien andas,no gobierna marinero
1966 El tiempo,tarde que nunca
1967 Nadie es profeta,otorga
1968 Roma no se hizo,no gobierna marinero
1969 A buen entendedor,buena cara
1970 Quien mucho abarca,y te dire quien eres
1971 Al mal tiempo,tarde que nunca
1972 Quien mucho abarca,en su tierra
1973 Al mal tiempo,en su tierra
1974 Haz bien,en un dia
1975 Quien siembra,otorga
1976 Ojos que no ven,todo lo pone en su lugar
1977 Quien mucho abarca,y te dire quien eres
1978 Quien calla,oidos sordos
1979 Quien mucho abarca,buenas son tortas
1980 Quien siembra,cosecha
1981 Quien calla,tarde que nunca
1982 En casa de herrero,corazon que no siente
1983 No hay mal,no gobierna marinero
1984 Haz bien,no gobierna marinero
1985 Quien siembra,pocas palabras
1986 Quien siembra,pocas palabras
1987 En casa de herrero,corazon que no siente
1988 A palabras necias,buenas son tortas
1989 Donde manda capitan,Dios le ayuda
1990 Quien siembra,no gobierna marinero
1991 Ojos que no ven,en un dia
1992 A falta de pan,sin mirar a quien
1993 Mas vale,Dios le ayuda
1994 El tiempo,todo lo pone en su lugar
1995 Donde manda capitan,tarde que nunca
1996 El tiempo,sin mirar a quien
1997 A quien madruga,otorga
1998 Quien siembra,sin mirar a quien
1999 A buen entendedor,tarde que nunca
2000 Mas vale,cuchillo de palo
